cell_id,asset_id,report_date,ticcs_subclass,economic_content_fingerprint,expected_2025_overall_rating,expected_2030_revenue_growth,expected_2030_market_demand_impact,expected_2030_market_demand_rating,surface,source_uri
235780,USA_01223,2026-09-17,IC702010,52873a58bb1774e8eb357b9ee2632b02e9d502b9d029bcfc8fff973ae325fc43,F,0.218766,0.64723,D,solar_transition,gs://infrasure-scr-data/Solar-asset/transition_risk/CONUS13K_Cell_235780_MN_MISO_SolarPV_transition_risks.xlsx
238617,USA_01429,2026-09-17,IC702010,52873a58bb1774e8eb357b9ee2632b02e9d502b9d029bcfc8fff973ae325fc43,F,0.218766,0.64723,D,solar_transition,gs://infrasure-scr-data/Solar-asset/transition_risk/CONUS13K_Cell_238617_MT_WEIM_SolarPV_transition_risks.xlsx
240049,USA_01633,2026-09-17,IC702010,52873a58bb1774e8eb357b9ee2632b02e9d502b9d029bcfc8fff973ae325fc43,F,0.218766,0.64723,D,solar_transition,gs://infrasure-scr-data/Solar-asset/transition_risk/CONUS13K_Cell_240049_MT_WEIM_SolarPV_transition_risks.xlsx
241471,USA_01839,2026-09-17,IC702010,52873a58bb1774e8eb357b9ee2632b02e9d502b9d029bcfc8fff973ae325fc43,F,0.218766,0.64723,D,solar_transition,gs://infrasure-scr-data/Solar-asset/transition_risk/CONUS13K_Cell_241471_MT_WEIM_SolarPV_transition_risks.xlsx
242887,USA_02045,2026-09-17,IC702010,52873a58bb1774e8eb357b9ee2632b02e9d502b9d029bcfc8fff973ae325fc43,F,0.218766,0.64723,D,solar_transition,gs://infrasure-scr-data/Solar-asset/transition_risk/CONUS13K_Cell_242887_WA_WEIM_SolarPV_transition_risks.xlsx
242989,USA_02249,2026-09-17,IC702010,52873a58bb1774e8eb357b9ee2632b02e9d502b9d029bcfc8fff973ae325fc43,F,0.218766,0.64723,D,solar_transition,gs://infrasure-scr-data/Solar-asset/transition_risk/CONUS13K_Cell_242989_MN_MISO_SolarPV_transition_risks.xlsx
244397,USA_02459,2026-09-17,IC702010,52873a58bb1774e8eb357b9ee2632b02e9d502b9d029bcfc8fff973ae325fc43,F,0.218766,0.64723,D,solar_transition,gs://infrasure-scr-data/Solar-asset/transition_risk/CONUS13K_Cell_244397_ND_MISO_SolarPV_transition_risks.xlsx
245805,USA_02665,2026-09-17,IC702010,52873a58bb1774e8eb357b9ee2632b02e9d502b9d029bcfc8fff973ae325fc43,F,0.218766,0.64723,D,solar_transition,gs://infrasure-scr-data/Solar-asset/transition_risk/CONUS13K_Cell_245805_MT_WEIM_SolarPV_transition_risks.xlsx
247216,USA_02869,2026-09-17,IC702010,52873a58bb1774e8eb357b9ee2632b02e9d502b9d029bcfc8fff973ae325fc43,F,0.218766,0.64723,D,solar_transition,gs://infrasure-scr-data/Solar-asset/transition_risk/CONUS13K_Cell_247216_ID_WEIM_SolarPV_transition_risks.xlsx
248625,USA_03075,2026-09-17,IC702010,52873a58bb1774e8eb357b9ee2632b02e9d502b9d029bcfc8fff973ae325fc43,F,0.218766,0.64723,D,solar_transition,gs://infrasure-scr-data/Solar-asset/transition_risk/CONUS13K_Cell_248625_WA_WEIM_SolarPV_transition_risks.xlsx
248730,USA_03282,2026-09-17,IC702010,52873a58bb1774e8eb357b9ee2632b02e9d502b9d029bcfc8fff973ae325fc43,F,0.218766,0.64723,D,solar_transition,gs://infrasure-scr-data/Solar-asset/transition_risk/CONUS13K_Cell_248730_ND_MISO_SolarPV_transition_risks.xlsx
250135,USA_03487,2026-09-17,IC702010,52873a58bb1774e8eb357b9ee2632b02e9d502b9d029bcfc8fff973ae325fc43,F,0.218766,0.64723,D,solar_transition,gs://infrasure-scr-data/Solar-asset/transition_risk/CONUS13K_Cell_250135_MT_WEIM_SolarPV_transition_risks.xlsx
251531,USA_03693,2026-09-17,IC702010,52873a58bb1774e8eb357b9ee2632b02e9d502b9d029bcfc8fff973ae325fc43,F,0.218766,0.64723,D,solar_transition,gs://infrasure-scr-data/Solar-asset/transition_risk/CONUS13K_Cell_251531_WA_WEIM_SolarPV_transition_risks.xlsx
251634,USA_03898,2026-09-17,IC702010,52873a58bb1774e8eb357b9ee2632b02e9d502b9d029bcfc8fff973ae325fc43,F,0.218766,0.64723,D,solar_transition,gs://infrasure-scr-data/Solar-asset/transition_risk/CONUS13K_Cell_251634_WI_MISO_SolarPV_transition_risks.xlsx
253019,USA_04102,2026-09-17,IC702010,52873a58bb1774e8eb357b9ee2632b02e9d502b9d029bcfc8fff973ae325fc43,F,0.218766,0.64723,D,solar_transition,gs://infrasure-scr-data/Solar-asset/transition_risk/CONUS13K_Cell_253019_MT_WEIM_SolarPV_transition_risks.xlsx
254394,USA_04308,2026-09-17,IC702010,52873a58bb1774e8eb357b9ee2632b02e9d502b9d029bcfc8fff973ae325fc43,F,0.218766,0.64723,D,solar_transition,gs://infrasure-scr-data/Solar-asset/transition_risk/CONUS13K_Cell_254394_WA_WEIM_SolarPV_transition_risks.xlsx
254500,USA_04514,2026-09-17,IC702010,52873a58bb1774e8eb357b9ee2632b02e9d502b9d029bcfc8fff973ae325fc43,F,0.218766,0.64723,D,solar_transition,gs://infrasure-scr-data/Solar-asset/transition_risk/CONUS13K_Cell_254500_MN_MISO_SolarPV_transition_risks.xlsx
255876,USA_04720,2026-09-17,IC702010,52873a58bb1774e8eb357b9ee2632b02e9d502b9d029bcfc8fff973ae325fc43,F,0.218766,0.64723,D,solar_transition,gs://infrasure-scr-data/Solar-asset/transition_risk/CONUS13K_Cell_255876_MT_WEIM_SolarPV_transition_risks.xlsx
256043,USA_04924,2026-09-17,IC702010,52873a58bb1774e8eb357b9ee2632b02e9d502b9d029bcfc8fff973ae325fc43,F,0.218766,0.64723,D,solar_transition,gs://infrasure-scr-data/Solar-asset/transition_risk/CONUS13K_Cell_256043_ME_ISO-NE_SolarPV_transition_risks.xlsx
257363,USA_05129,2026-09-17,IC702010,52873a58bb1774e8eb357b9ee2632b02e9d502b9d029bcfc8fff973ae325fc43,F,0.218766,0.64723,D,solar_transition,gs://infrasure-scr-data/Solar-asset/transition_risk/CONUS13K_Cell_257363_SD_MISO_SolarPV_transition_risks.xlsx
258743,USA_05335,2026-09-17,IC702010,52873a58bb1774e8eb357b9ee2632b02e9d502b9d029bcfc8fff973ae325fc43,F,0.218766,0.64723,D,solar_transition,gs://infrasure-scr-data/Solar-asset/transition_risk/CONUS13K_Cell_258743_ID_WEIM_SolarPV_transition_risks.xlsx
258847,USA_05539,2026-09-17,IC702010,52873a58bb1774e8eb357b9ee2632b02e9d502b9d029bcfc8fff973ae325fc43,F,0.218766,0.64723,D,solar_transition,gs://infrasure-scr-data/Solar-asset/transition_risk/CONUS13K_Cell_258847_WI_MISO_SolarPV_transition_risks.xlsx
260219,USA_05745,2026-09-17,IC702010,52873a58bb1774e8eb357b9ee2632b02e9d502b9d029bcfc8fff973ae325fc43,F,0.218766,0.64723,D,solar_transition,gs://infrasure-scr-data/Solar-asset/transition_risk/CONUS13K_Cell_260219_WY_WEIM_SolarPV_transition_risks.xlsx
260368,USA_05951,2026-09-17,IC702010,52873a58bb1774e8eb357b9ee2632b02e9d502b9d029bcfc8fff973ae325fc43,F,0.218766,0.64723,D,solar_transition,gs://infrasure-scr-data/Solar-asset/transition_risk/CONUS13K_Cell_260368_ME_ISO-NE_SolarPV_transition_risks.xlsx
261683,USA_06155,2026-09-17,IC702010,52873a58bb1774e8eb357b9ee2632b02e9d502b9d029bcfc8fff973ae325fc43,F,0.218766,0.64723,D,solar_transition,gs://infrasure-scr-data/Solar-asset/transition_risk/CONUS13K_Cell_261683_SD_MISO_SolarPV_transition_risks.xlsx
263036,USA_06361,2026-09-17,IC702010,52873a58bb1774e8eb357b9ee2632b02e9d502b9d029bcfc8fff973ae325fc43,F,0.218766,0.64723,D,solar_transition,gs://infrasure-scr-data/Solar-asset/transition_risk/CONUS13K_Cell_263036_OR_WEIM_SolarPV_transition_risks.xlsx
263140,USA_06567,2026-09-17,IC702010,52873a58bb1774e8eb357b9ee2632b02e9d502b9d029bcfc8fff973ae325fc43,F,0.218766,0.64723,D,solar_transition,gs://infrasure-scr-data/Solar-asset/transition_risk/CONUS13K_Cell_263140_MN_MISO_SolarPV_transition_risks.xlsx
264493,USA_06771,2026-09-17,IC702010,52873a58bb1774e8eb357b9ee2632b02e9d502b9d029bcfc8fff973ae325fc43,F,0.218766,0.64723,D,solar_transition,gs://infrasure-scr-data/Solar-asset/transition_risk/CONUS13K_Cell_264493_ID_WEIM_SolarPV_transition_risks.xlsx
264597,USA_06977,2026-09-17,IC702010,52873a58bb1774e8eb357b9ee2632b02e9d502b9d029bcfc8fff973ae325fc43,F,0.218766,0.64723,D,solar_transition,gs://infrasure-scr-data/Solar-asset/transition_risk/CONUS13K_Cell_264597_WI_MISO_SolarPV_transition_risks.xlsx
265955,USA_07156,2026-09-17,IC702010,52873a58bb1774e8eb357b9ee2632b02e9d502b9d029bcfc8fff973ae325fc43,F,0.218766,0.64723,D,solar_transition,gs://infrasure-scr-data/Solar-asset/transition_risk/CONUS13K_Cell_265955_ID_WEIM_SolarPV_transition_risks.xlsx
266062,USA_07258,2026-09-17,IC702010,52873a58bb1774e8eb357b9ee2632b02e9d502b9d029bcfc8fff973ae325fc43,F,0.218766,0.64723,D,solar_transition,gs://infrasure-scr-data/Solar-asset/transition_risk/CONUS13K_Cell_266062_MI_MISO_SolarPV_transition_risks.xlsx
267413,USA_07361,2026-09-17,IC702010,52873a58bb1774e8eb357b9ee2632b02e9d502b9d029bcfc8fff973ae325fc43,F,0.218766,0.64723,D,solar_transition,gs://infrasure-scr-data/Solar-asset/transition_risk/CONUS13K_Cell_267413_WY_WEIM_SolarPV_transition_risks.xlsx
267549,USA_07464,2026-09-17,IC702010,52873a58bb1774e8eb357b9ee2632b02e9d502b9d029bcfc8fff973ae325fc43,F,0.218766,0.64723,D,solar_transition,gs://infrasure-scr-data/Solar-asset/transition_risk/CONUS13K_Cell_267549_VT_ISO-NE_SolarPV_transition_risks.xlsx
268873,USA_07566,2026-09-17,IC702010,52873a58bb1774e8eb357b9ee2632b02e9d502b9d029bcfc8fff973ae325fc43,F,0.218766,0.64723,D,solar_transition,gs://infrasure-scr-data/Solar-asset/transition_risk/CONUS13K_Cell_268873_SD_MISO_SolarPV_transition_risks.xlsx
270231,USA_07669,2026-09-17,IC702010,52873a58bb1774e8eb357b9ee2632b02e9d502b9d029bcfc8fff973ae325fc43,F,0.218766,0.64723,D,solar_transition,gs://infrasure-scr-data/Solar-asset/transition_risk/CONUS13K_Cell_270231_OR_WEIM_SolarPV_transition_risks.xlsx
270334,USA_07772,2026-09-17,IC702010,52873a58bb1774e8eb357b9ee2632b02e9d502b9d029bcfc8fff973ae325fc43,F,0.218766,0.64723,D,solar_transition,gs://infrasure-scr-data/Solar-asset/transition_risk/CONUS13K_Cell_270334_IA_MISO_SolarPV_transition_risks.xlsx
271681,USA_07874,2026-09-17,IC702010,52873a58bb1774e8eb357b9ee2632b02e9d502b9d029bcfc8fff973ae325fc43,F,0.218766,0.64723,D,solar_transition,gs://infrasure-scr-data/Solar-asset/transition_risk/CONUS13K_Cell_271681_OR_WEIM_SolarPV_transition_risks.xlsx
271784,USA_07977,2026-09-17,IC702010,52873a58bb1774e8eb357b9ee2632b02e9d502b9d029bcfc8fff973ae325fc43,F,0.218766,0.64723,D,solar_transition,gs://infrasure-scr-data/Solar-asset/transition_risk/CONUS13K_Cell_271784_IA_MISO_SolarPV_transition_risks.xlsx
273131,USA_08080,2026-09-17,IC702010,52873a58bb1774e8eb357b9ee2632b02e9d502b9d029bcfc8fff973ae325fc43,F,0.218766,0.64723,D,solar_transition,gs://infrasure-scr-data/Solar-asset/transition_risk/CONUS13K_Cell_273131_OR_WEIM_SolarPV_transition_risks.xlsx
273233,USA_08182,2026-09-17,IC702010,52873a58bb1774e8eb357b9ee2632b02e9d502b9d029bcfc8fff973ae325fc43,F,0.218766,0.64723,D,solar_transition,gs://infrasure-scr-data/Solar-asset/transition_risk/CONUS13K_Cell_273233_IA_MISO_SolarPV_transition_risks.xlsx
274583,USA_08285,2026-09-17,IC702010,52873a58bb1774e8eb357b9ee2632b02e9d502b9d029bcfc8fff973ae325fc43,F,0.218766,0.64723,D,solar_transition,gs://infrasure-scr-data/Solar-asset/transition_risk/CONUS13K_Cell_274583_ID_WEIM_SolarPV_transition_risks.xlsx
274686,USA_08388,2026-09-17,IC702010,52873a58bb1774e8eb357b9ee2632b02e9d502b9d029bcfc8fff973ae325fc43,F,0.218766,0.64723,D,solar_transition,gs://infrasure-scr-data/Solar-asset/transition_risk/CONUS13K_Cell_274686_WI_MISO_SolarPV_transition_risks.xlsx
276035,USA_08490,2026-09-17,IC702010,52873a58bb1774e8eb357b9ee2632b02e9d502b9d029bcfc8fff973ae325fc43,F,0.218766,0.64723,D,solar_transition,gs://infrasure-scr-data/Solar-asset/transition_risk/CONUS13K_Cell_276035_ID_WEIM_SolarPV_transition_risks.xlsx
276144,USA_08593,2026-09-17,IC702010,52873a58bb1774e8eb357b9ee2632b02e9d502b9d029bcfc8fff973ae325fc43,F,0.218766,0.64723,D,solar_transition,gs://infrasure-scr-data/Solar-asset/transition_risk/CONUS13K_Cell_276144_MI_MISO_SolarPV_transition_risks.xlsx
277487,USA_08696,2026-09-17,IC702010,52873a58bb1774e8eb357b9ee2632b02e9d502b9d029bcfc8fff973ae325fc43,F,0.218766,0.64723,D,solar_transition,gs://infrasure-scr-data/Solar-asset/transition_risk/CONUS13K_Cell_277487_WY_WEIM_SolarPV_transition_risks.xlsx
277604,USA_08798,2026-09-17,IC702010,52873a58bb1774e8eb357b9ee2632b02e9d502b9d029bcfc8fff973ae325fc43,F,0.218766,0.64723,D,solar_transition,gs://infrasure-scr-data/Solar-asset/transition_risk/CONUS13K_Cell_277604_PA_PJM_SolarPV_transition_risks.xlsx
278933,USA_08901,2026-09-17,IC702010,52873a58bb1774e8eb357b9ee2632b02e9d502b9d029bcfc8fff973ae325fc43,F,0.218766,0.64723,D,solar_transition,gs://infrasure-scr-data/Solar-asset/transition_risk/CONUS13K_Cell_278933_WY_WEIM_SolarPV_transition_risks.xlsx
279047,USA_09004,2026-09-17,IC702010,52873a58bb1774e8eb357b9ee2632b02e9d502b9d029bcfc8fff973ae325fc43,F,0.218766,0.64723,D,solar_transition,gs://infrasure-scr-data/Solar-asset/transition_risk/CONUS13K_Cell_279047_PA_PJM_SolarPV_transition_risks.xlsx
280374,USA_09107,2026-09-17,IC702010,52873a58bb1774e8eb357b9ee2632b02e9d502b9d029bcfc8fff973ae325fc43,F,0.218766,0.64723,D,solar_transition,gs://infrasure-scr-data/Solar-asset/transition_risk/CONUS13K_Cell_280374_WY_WEIM_SolarPV_transition_risks.xlsx
280480,USA_09209,2026-09-17,IC702010,52873a58bb1774e8eb357b9ee2632b02e9d502b9d029bcfc8fff973ae325fc43,F,0.218766,0.64723,D,solar_transition,gs://infrasure-scr-data/Solar-asset/transition_risk/CONUS13K_Cell_280480_PA_PJM_SolarPV_transition_risks.xlsx
281811,USA_09312,2026-09-17,IC702010,52873a58bb1774e8eb357b9ee2632b02e9d502b9d029bcfc8fff973ae325fc43,F,0.218766,0.64723,D,solar_transition,gs://infrasure-scr-data/Solar-asset/transition_risk/CONUS13K_Cell_281811_WY_WEIM_SolarPV_transition_risks.xlsx
281914,USA_09415,2026-09-17,IC702010,52873a58bb1774e8eb357b9ee2632b02e9d502b9d029bcfc8fff973ae325fc43,F,0.218766,0.64723,D,solar_transition,gs://infrasure-scr-data/Solar-asset/transition_risk/CONUS13K_Cell_281914_OH_PJM_SolarPV_transition_risks.xlsx
283249,USA_09517,2026-09-17,IC702010,52873a58bb1774e8eb357b9ee2632b02e9d502b9d029bcfc8fff973ae325fc43,F,0.218766,0.64723,D,solar_transition,gs://infrasure-scr-data/Solar-asset/transition_risk/CONUS13K_Cell_283249_CO_WEIM_SolarPV_transition_risks.xlsx
283352,USA_09620,2026-09-17,IC702010,52873a58bb1774e8eb357b9ee2632b02e9d502b9d029bcfc8fff973ae325fc43,F,0.218766,0.64723,D,solar_transition,gs://infrasure-scr-data/Solar-asset/transition_risk/CONUS13K_Cell_283352_OH_PJM_SolarPV_transition_risks.xlsx
284691,USA_09723,2026-09-17,IC702010,52873a58bb1774e8eb357b9ee2632b02e9d502b9d029bcfc8fff973ae325fc43,F,0.218766,0.64723,D,solar_transition,gs://infrasure-scr-data/Solar-asset/transition_risk/CONUS13K_Cell_284691_CO_WEIM_SolarPV_transition_risks.xlsx
284794,USA_09826,2026-09-17,IC702010,52873a58bb1774e8eb357b9ee2632b02e9d502b9d029bcfc8fff973ae325fc43,F,0.218766,0.64723,D,solar_transition,gs://infrasure-scr-data/Solar-asset/transition_risk/CONUS13K_Cell_284794_OH_PJM_SolarPV_transition_risks.xlsx
286131,USA_09929,2026-09-17,IC702010,52873a58bb1774e8eb357b9ee2632b02e9d502b9d029bcfc8fff973ae325fc43,F,0.218766,0.64723,D,solar_transition,gs://infrasure-scr-data/Solar-asset/transition_risk/CONUS13K_Cell_286131_CO_WEIM_SolarPV_transition_risks.xlsx
286234,USA_10032,2026-09-17,IC702010,52873a58bb1774e8eb357b9ee2632b02e9d502b9d029bcfc8fff973ae325fc43,F,0.218766,0.64723,D,solar_transition,gs://infrasure-scr-data/Solar-asset/transition_risk/CONUS13K_Cell_286234_OH_PJM_SolarPV_transition_risks.xlsx
287575,USA_10134,2026-09-17,IC702010,52873a58bb1774e8eb357b9ee2632b02e9d502b9d029bcfc8fff973ae325fc43,F,0.218766,0.64723,D,solar_transition,gs://infrasure-scr-data/Solar-asset/transition_risk/CONUS13K_Cell_287575_CO_WEIM_SolarPV_transition_risks.xlsx
287678,USA_10237,2026-09-17,IC702010,52873a58bb1774e8eb357b9ee2632b02e9d502b9d029bcfc8fff973ae325fc43,F,0.218766,0.64723,D,solar_transition,gs://infrasure-scr-data/Solar-asset/transition_risk/CONUS13K_Cell_287678_PA_PJM_SolarPV_transition_risks.xlsx
289020,USA_10340,2026-09-17,IC702010,52873a58bb1774e8eb357b9ee2632b02e9d502b9d029bcfc8fff973ae325fc43,F,0.218766,0.64723,D,solar_transition,gs://infrasure-scr-data/Solar-asset/transition_risk/CONUS13K_Cell_289020_CO_WEIM_SolarPV_transition_risks.xlsx
289122,USA_10442,2026-09-17,IC702010,52873a58bb1774e8eb357b9ee2632b02e9d502b9d029bcfc8fff973ae325fc43,F,0.218766,0.64723,D,solar_transition,gs://infrasure-scr-data/Solar-asset/transition_risk/CONUS13K_Cell_289122_PA_PJM_SolarPV_transition_risks.xlsx
290466,USA_10545,2026-09-17,IC702010,52873a58bb1774e8eb357b9ee2632b02e9d502b9d029bcfc8fff973ae325fc43,F,0.218766,0.64723,D,solar_transition,gs://infrasure-scr-data/Solar-asset/transition_risk/CONUS13K_Cell_290466_CO_WEIM_SolarPV_transition_risks.xlsx
290569,USA_10648,2026-09-17,IC702010,52873a58bb1774e8eb357b9ee2632b02e9d502b9d029bcfc8fff973ae325fc43,F,0.218766,0.64723,D,solar_transition,gs://infrasure-scr-data/Solar-asset/transition_risk/CONUS13K_Cell_290569_PA_PJM_SolarPV_transition_risks.xlsx
291912,USA_10750,2026-09-17,IC702010,52873a58bb1774e8eb357b9ee2632b02e9d502b9d029bcfc8fff973ae325fc43,F,0.218766,0.64723,D,solar_transition,gs://infrasure-scr-data/Solar-asset/transition_risk/CONUS13K_Cell_291912_KS_SPP_SolarPV_transition_risks.xlsx
292015,USA_10853,2026-09-17,IC702010,52873a58bb1774e8eb357b9ee2632b02e9d502b9d029bcfc8fff973ae325fc43,F,0.218766,0.64723,D,solar_transition,gs://infrasure-scr-data/Solar-asset/transition_risk/CONUS13K_Cell_292015_MD_PJM_SolarPV_transition_risks.xlsx
293361,USA_10956,2026-09-17,IC702010,52873a58bb1774e8eb357b9ee2632b02e9d502b9d029bcfc8fff973ae325fc43,F,0.218766,0.64723,D,solar_transition,gs://infrasure-scr-data/Solar-asset/transition_risk/CONUS13K_Cell_293361_KS_SPP_SolarPV_transition_risks.xlsx
294709,USA_11058,2026-09-17,IC702010,52873a58bb1774e8eb357b9ee2632b02e9d502b9d029bcfc8fff973ae325fc43,F,0.218766,0.64723,D,solar_transition,gs://infrasure-scr-data/Solar-asset/transition_risk/CONUS13K_Cell_294709_CA_CAISO_SolarPV_transition_risks.xlsx
294812,USA_11161,2026-09-17,IC702010,52873a58bb1774e8eb357b9ee2632b02e9d502b9d029bcfc8fff973ae325fc43,F,0.218766,0.64723,D,solar_transition,gs://infrasure-scr-data/Solar-asset/transition_risk/CONUS13K_Cell_294812_KS_SPP_SolarPV_transition_risks.xlsx
296163,USA_11264,2026-09-17,IC702010,52873a58bb1774e8eb357b9ee2632b02e9d502b9d029bcfc8fff973ae325fc43,F,0.218766,0.64723,D,solar_transition,gs://infrasure-scr-data/Solar-asset/transition_risk/CONUS13K_Cell_296163_NV_WEIM_SolarPV_transition_risks.xlsx
296265,USA_11366,2026-09-17,IC702010,52873a58bb1774e8eb357b9ee2632b02e9d502b9d029bcfc8fff973ae325fc43,F,0.218766,0.64723,D,solar_transition,gs://infrasure-scr-data/Solar-asset/transition_risk/CONUS13K_Cell_296265_MO_MISO_SolarPV_transition_risks.xlsx
297617,USA_11469,2026-09-17,IC702010,52873a58bb1774e8eb357b9ee2632b02e9d502b9d029bcfc8fff973ae325fc43,F,0.218766,0.64723,D,solar_transition,gs://infrasure-scr-data/Solar-asset/transition_risk/CONUS13K_Cell_297617_NV_WEIM_SolarPV_transition_risks.xlsx
297720,USA_11572,2026-09-17,IC702010,52873a58bb1774e8eb357b9ee2632b02e9d502b9d029bcfc8fff973ae325fc43,F,0.218766,0.64723,D,solar_transition,gs://infrasure-scr-data/Solar-asset/transition_risk/CONUS13K_Cell_297720_IL_MISO_SolarPV_transition_risks.xlsx
299072,USA_11674,2026-09-17,IC702010,52873a58bb1774e8eb357b9ee2632b02e9d502b9d029bcfc8fff973ae325fc43,F,0.218766,0.64723,D,solar_transition,gs://infrasure-scr-data/Solar-asset/transition_risk/CONUS13K_Cell_299072_UT_WEIM_SolarPV_transition_risks.xlsx
299175,USA_11777,2026-09-17,IC702010,52873a58bb1774e8eb357b9ee2632b02e9d502b9d029bcfc8fff973ae325fc43,F,0.218766,0.64723,D,solar_transition,gs://infrasure-scr-data/Solar-asset/transition_risk/CONUS13K_Cell_299175_IN_PJM_SolarPV_transition_risks.xlsx
300528,USA_11880,2026-09-17,IC702010,52873a58bb1774e8eb357b9ee2632b02e9d502b9d029bcfc8fff973ae325fc43,F,0.218766,0.64723,D,solar_transition,gs://infrasure-scr-data/Solar-asset/transition_risk/CONUS13K_Cell_300528_CO_WEIM_SolarPV_transition_risks.xlsx
300630,USA_11982,2026-09-17,IC702010,52873a58bb1774e8eb357b9ee2632b02e9d502b9d029bcfc8fff973ae325fc43,F,0.218766,0.64723,D,solar_transition,gs://infrasure-scr-data/Solar-asset/transition_risk/CONUS13K_Cell_300630_WV_PJM_SolarPV_transition_risks.xlsx
301986,USA_12085,2026-09-17,IC702010,52873a58bb1774e8eb357b9ee2632b02e9d502b9d029bcfc8fff973ae325fc43,F,0.218766,0.64723,D,solar_transition,gs://infrasure-scr-data/Solar-asset/transition_risk/CONUS13K_Cell_301986_CO_WEIM_SolarPV_transition_risks.xlsx
302089,USA_12188,2026-09-17,IC702010,52873a58bb1774e8eb357b9ee2632b02e9d502b9d029bcfc8fff973ae325fc43,F,0.218766,0.64723,D,solar_transition,gs://infrasure-scr-data/Solar-asset/transition_risk/CONUS13K_Cell_302089_VA_PJM_SolarPV_transition_risks.xlsx
303446,USA_12290,2026-09-17,IC702010,52873a58bb1774e8eb357b9ee2632b02e9d502b9d029bcfc8fff973ae325fc43,F,0.218766,0.64723,D,solar_transition,gs://infrasure-scr-data/Solar-asset/transition_risk/CONUS13K_Cell_303446_KS_SPP_SolarPV_transition_risks.xlsx
304804,USA_12393,2026-09-17,IC702010,52873a58bb1774e8eb357b9ee2632b02e9d502b9d029bcfc8fff973ae325fc43,F,0.218766,0.64723,D,solar_transition,gs://infrasure-scr-data/Solar-asset/transition_risk/CONUS13K_Cell_304804_CA_CAISO_SolarPV_transition_risks.xlsx
304907,USA_12496,2026-09-17,IC702010,52873a58bb1774e8eb357b9ee2632b02e9d502b9d029bcfc8fff973ae325fc43,F,0.218766,0.64723,D,solar_transition,gs://infrasure-scr-data/Solar-asset/transition_risk/CONUS13K_Cell_304907_MO_MISO_SolarPV_transition_risks.xlsx
306266,USA_12599,2026-09-17,IC702010,52873a58bb1774e8eb357b9ee2632b02e9d502b9d029bcfc8fff973ae325fc43,F,0.218766,0.64723,D,solar_transition,gs://infrasure-scr-data/Solar-asset/transition_risk/CONUS13K_Cell_306266_AZ_WEIM_SolarPV_transition_risks.xlsx
306368,USA_12701,2026-09-17,IC702010,52873a58bb1774e8eb357b9ee2632b02e9d502b9d029bcfc8fff973ae325fc43,F,0.218766,0.64723,D,solar_transition,gs://infrasure-scr-data/Solar-asset/transition_risk/CONUS13K_Cell_306368_KY_PJM_SolarPV_transition_risks.xlsx
307730,USA_12804,2026-09-17,IC702010,52873a58bb1774e8eb357b9ee2632b02e9d502b9d029bcfc8fff973ae325fc43,F,0.218766,0.64723,D,solar_transition,gs://infrasure-scr-data/Solar-asset/transition_risk/CONUS13K_Cell_307730_NM_WEIM_SolarPV_transition_risks.xlsx
307833,USA_12907,2026-09-17,IC702010,52873a58bb1774e8eb357b9ee2632b02e9d502b9d029bcfc8fff973ae325fc43,F,0.218766,0.64723,D,solar_transition,gs://infrasure-scr-data/Solar-asset/transition_risk/CONUS13K_Cell_307833_VA_PJM_SolarPV_transition_risks.xlsx
309191,USA_13009,2026-09-17,IC702010,52873a58bb1774e8eb357b9ee2632b02e9d502b9d029bcfc8fff973ae325fc43,F,0.218766,0.64723,D,solar_transition,gs://infrasure-scr-data/Solar-asset/transition_risk/CONUS13K_Cell_309191_TX_ERCOT_SolarPV_transition_risks.xlsx
309294,USA_13112,2026-09-17,IC702010,52873a58bb1774e8eb357b9ee2632b02e9d502b9d029bcfc8fff973ae325fc43,F,0.218766,0.64723,D,solar_transition,gs://infrasure-scr-data/Solar-asset/transition_risk/CONUS13K_Cell_309294_NC_PJM_SolarPV_transition_risks.xlsx
310654,USA_13215,2026-09-17,IC702010,52873a58bb1774e8eb357b9ee2632b02e9d502b9d029bcfc8fff973ae325fc43,F,0.218766,0.64723,D,solar_transition,gs://infrasure-scr-data/Solar-asset/transition_risk/CONUS13K_Cell_310654_OK_SPP_SolarPV_transition_risks.xlsx
312013,USA_13317,2026-09-17,IC702010,52873a58bb1774e8eb357b9ee2632b02e9d502b9d029bcfc8fff973ae325fc43,F,0.218766,0.64723,D,solar_transition,gs://infrasure-scr-data/Solar-asset/transition_risk/CONUS13K_Cell_312013_CA_CAISO_SolarPV_transition_risks.xlsx
312116,USA_13420,2026-09-17,IC702010,52873a58bb1774e8eb357b9ee2632b02e9d502b9d029bcfc8fff973ae325fc43,F,0.218766,0.64723,D,solar_transition,gs://infrasure-scr-data/Solar-asset/transition_risk/CONUS13K_Cell_312116_AR_MISO_SolarPV_transition_risks.xlsx
313480,USA_13523,2026-09-17,IC702010,52873a58bb1774e8eb357b9ee2632b02e9d502b9d029bcfc8fff973ae325fc43,F,0.218766,0.64723,D,solar_transition,gs://infrasure-scr-data/Solar-asset/transition_risk/CONUS13K_Cell_313480_AZ_WEIM_SolarPV_transition_risks.xlsx
313582,USA_13625,2026-09-17,IC702010,52873a58bb1774e8eb357b9ee2632b02e9d502b9d029bcfc8fff973ae325fc43,F,0.218766,0.64723,D,solar_transition,gs://infrasure-scr-data/Solar-asset/transition_risk/CONUS13K_Cell_313582_TN_Non-ISO_TVA_SolarPV_transition_risks.xlsx
314944,USA_13728,2026-09-17,IC702010,52873a58bb1774e8eb357b9ee2632b02e9d502b9d029bcfc8fff973ae325fc43,F,0.218766,0.64723,D,solar_transition,gs://infrasure-scr-data/Solar-asset/transition_risk/CONUS13K_Cell_314944_NM_WEIM_SolarPV_transition_risks.xlsx
315047,USA_13831,2026-09-17,IC702010,52873a58bb1774e8eb357b9ee2632b02e9d502b9d029bcfc8fff973ae325fc43,F,0.218766,0.64723,D,solar_transition,gs://infrasure-scr-data/Solar-asset/transition_risk/CONUS13K_Cell_315047_NC_PJM_SolarPV_transition_risks.xlsx
316410,USA_13933,2026-09-17,IC702010,52873a58bb1774e8eb357b9ee2632b02e9d502b9d029bcfc8fff973ae325fc43,F,0.218766,0.64723,D,solar_transition,gs://infrasure-scr-data/Solar-asset/transition_risk/CONUS13K_Cell_316410_OK_SPP_SolarPV_transition_risks.xlsx
317776,USA_14036,2026-09-17,IC702010,52873a58bb1774e8eb357b9ee2632b02e9d502b9d029bcfc8fff973ae325fc43,F,0.218766,0.64723,D,solar_transition,gs://infrasure-scr-data/Solar-asset/transition_risk/CONUS13K_Cell_317776_CA_CAISO_SolarPV_transition_risks.xlsx
317879,USA_14139,2026-09-17,IC702010,52873a58bb1774e8eb357b9ee2632b02e9d502b9d029bcfc8fff973ae325fc43,F,0.218766,0.64723,D,solar_transition,gs://infrasure-scr-data/Solar-asset/transition_risk/CONUS13K_Cell_317879_TN_Non-ISO_TVA_SolarPV_transition_risks.xlsx
319244,USA_14241,2026-09-17,IC702010,52873a58bb1774e8eb357b9ee2632b02e9d502b9d029bcfc8fff973ae325fc43,F,0.218766,0.64723,D,solar_transition,gs://infrasure-scr-data/Solar-asset/transition_risk/CONUS13K_Cell_319244_NM_WEIM_SolarPV_transition_risks.xlsx
319347,USA_14344,2026-09-17,IC702010,52873a58bb1774e8eb357b9ee2632b02e9d502b9d029bcfc8fff973ae325fc43,F,0.218766,0.64723,D,solar_transition,gs://infrasure-scr-data/Solar-asset/transition_risk/CONUS13K_Cell_319347_SC_Non-ISO_DukeCarolinas_SolarPV_transition_risks.xlsx
320715,USA_14447,2026-09-17,IC702010,52873a58bb1774e8eb357b9ee2632b02e9d502b9d029bcfc8fff973ae325fc43,F,0.218766,0.64723,D,solar_transition,gs://infrasure-scr-data/Solar-asset/transition_risk/CONUS13K_Cell_320715_TX_ERCOT_SolarPV_transition_risks.xlsx
322089,USA_14549,2026-09-17,IC702010,52873a58bb1774e8eb357b9ee2632b02e9d502b9d029bcfc8fff973ae325fc43,F,0.218766,0.64723,D,solar_transition,gs://infrasure-scr-data/Solar-asset/transition_risk/CONUS13K_Cell_322089_CA_CAISO_SolarPV_transition_risks.xlsx
322192,USA_14652,2026-09-17,IC702010,52873a58bb1774e8eb357b9ee2632b02e9d502b9d029bcfc8fff973ae325fc43,F,0.218766,0.64723,D,solar_transition,gs://infrasure-scr-data/Solar-asset/transition_risk/CONUS13K_Cell_322192_AR_MISO_SolarPV_transition_risks.xlsx
323572,USA_14755,2026-09-17,IC702010,52873a58bb1774e8eb357b9ee2632b02e9d502b9d029bcfc8fff973ae325fc43,F,0.218766,0.64723,D,solar_transition,gs://infrasure-scr-data/Solar-asset/transition_risk/CONUS13K_Cell_323572_NM_WEIM_SolarPV_transition_risks.xlsx
323674,USA_14857,2026-09-17,IC702010,52873a58bb1774e8eb357b9ee2632b02e9d502b9d029bcfc8fff973ae325fc43,F,0.218766,0.64723,D,solar_transition,gs://infrasure-scr-data/Solar-asset/transition_risk/CONUS13K_Cell_323674_SC_Non-ISO_DukeCarolinas_SolarPV_transition_risks.xlsx
325055,USA_14960,2026-09-17,IC702010,52873a58bb1774e8eb357b9ee2632b02e9d502b9d029bcfc8fff973ae325fc43,F,0.218766,0.64723,D,solar_transition,gs://infrasure-scr-data/Solar-asset/transition_risk/CONUS13K_Cell_325055_TX_ERCOT_SolarPV_transition_risks.xlsx
326443,USA_15063,2026-09-17,IC702010,52873a58bb1774e8eb357b9ee2632b02e9d502b9d029bcfc8fff973ae325fc43,F,0.218766,0.64723,D,solar_transition,gs://infrasure-scr-data/Solar-asset/transition_risk/CONUS13K_Cell_326443_AZ_WEIM_SolarPV_transition_risks.xlsx
326545,USA_15165,2026-09-17,IC702010,52873a58bb1774e8eb357b9ee2632b02e9d502b9d029bcfc8fff973ae325fc43,F,0.218766,0.64723,D,solar_transition,gs://infrasure-scr-data/Solar-asset/transition_risk/CONUS13K_Cell_326545_GA_Non-ISO_Southern_SolarPV_transition_risks.xlsx
327934,USA_15268,2026-09-17,IC702010,52873a58bb1774e8eb357b9ee2632b02e9d502b9d029bcfc8fff973ae325fc43,F,0.218766,0.64723,D,solar_transition,gs://infrasure-scr-data/Solar-asset/transition_risk/CONUS13K_Cell_327934_TX_ERCOT_SolarPV_transition_risks.xlsx
329324,USA_15371,2026-09-17,IC702010,52873a58bb1774e8eb357b9ee2632b02e9d502b9d029bcfc8fff973ae325fc43,F,0.218766,0.64723,D,solar_transition,gs://infrasure-scr-data/Solar-asset/transition_risk/CONUS13K_Cell_329324_NM_WEIM_SolarPV_transition_risks.xlsx
329426,USA_15473,2026-09-17,IC702010,52873a58bb1774e8eb357b9ee2632b02e9d502b9d029bcfc8fff973ae325fc43,F,0.218766,0.64723,D,solar_transition,gs://infrasure-scr-data/Solar-asset/transition_risk/CONUS13K_Cell_329426_GA_Non-ISO_Southern_SolarPV_transition_risks.xlsx
330818,USA_15576,2026-09-17,IC702010,52873a58bb1774e8eb357b9ee2632b02e9d502b9d029bcfc8fff973ae325fc43,F,0.218766,0.64723,D,solar_transition,gs://infrasure-scr-data/Solar-asset/transition_risk/CONUS13K_Cell_330818_TX_ERCOT_SolarPV_transition_risks.xlsx
332221,USA_15679,2026-09-17,IC702010,52873a58bb1774e8eb357b9ee2632b02e9d502b9d029bcfc8fff973ae325fc43,F,0.218766,0.64723,D,solar_transition,gs://infrasure-scr-data/Solar-asset/transition_risk/CONUS13K_Cell_332221_NM_WEIM_SolarPV_transition_risks.xlsx
333629,USA_15782,2026-09-17,IC702010,52873a58bb1774e8eb357b9ee2632b02e9d502b9d029bcfc8fff973ae325fc43,F,0.218766,0.64723,D,solar_transition,gs://infrasure-scr-data/Solar-asset/transition_risk/CONUS13K_Cell_333629_AZ_WEIM_SolarPV_transition_risks.xlsx
333731,USA_15884,2026-09-17,IC702010,52873a58bb1774e8eb357b9ee2632b02e9d502b9d029bcfc8fff973ae325fc43,F,0.218766,0.64723,D,solar_transition,gs://infrasure-scr-data/Solar-asset/transition_risk/CONUS13K_Cell_333731_AL_Non-ISO_Southern_SolarPV_transition_risks.xlsx
335144,USA_15987,2026-09-17,IC702010,52873a58bb1774e8eb357b9ee2632b02e9d502b9d029bcfc8fff973ae325fc43,F,0.218766,0.64723,D,solar_transition,gs://infrasure-scr-data/Solar-asset/transition_risk/CONUS13K_Cell_335144_LA_MISO_SolarPV_transition_risks.xlsx
336568,USA_16090,2026-09-17,IC702010,52873a58bb1774e8eb357b9ee2632b02e9d502b9d029bcfc8fff973ae325fc43,F,0.218766,0.64723,D,solar_transition,gs://infrasure-scr-data/Solar-asset/transition_risk/CONUS13K_Cell_336568_TX_ERCOT_SolarPV_transition_risks.xlsx
337996,USA_16192,2026-09-17,IC702010,52873a58bb1774e8eb357b9ee2632b02e9d502b9d029bcfc8fff973ae325fc43,F,0.218766,0.64723,D,solar_transition,gs://infrasure-scr-data/Solar-asset/transition_risk/CONUS13K_Cell_337996_TX_ERCOT_SolarPV_transition_risks.xlsx
339440,USA_16295,2026-09-17,IC702010,52873a58bb1774e8eb357b9ee2632b02e9d502b9d029bcfc8fff973ae325fc43,F,0.218766,0.64723,D,solar_transition,gs://infrasure-scr-data/Solar-asset/transition_risk/CONUS13K_Cell_339440_TX_ERCOT_SolarPV_transition_risks.xlsx
340886,USA_16398,2026-09-17,IC702010,52873a58bb1774e8eb357b9ee2632b02e9d502b9d029bcfc8fff973ae325fc43,F,0.218766,0.64723,D,solar_transition,gs://infrasure-scr-data/Solar-asset/transition_risk/CONUS13K_Cell_340886_TX_ERCOT_SolarPV_transition_risks.xlsx
342333,USA_16500,2026-09-17,IC702010,52873a58bb1774e8eb357b9ee2632b02e9d502b9d029bcfc8fff973ae325fc43,F,0.218766,0.64723,D,solar_transition,gs://infrasure-scr-data/Solar-asset/transition_risk/CONUS13K_Cell_342333_TX_ERCOT_SolarPV_transition_risks.xlsx
343782,USA_16603,2026-09-17,IC702010,52873a58bb1774e8eb357b9ee2632b02e9d502b9d029bcfc8fff973ae325fc43,F,0.218766,0.64723,D,solar_transition,gs://infrasure-scr-data/Solar-asset/transition_risk/CONUS13K_Cell_343782_TX_ERCOT_SolarPV_transition_risks.xlsx
345233,USA_16706,2026-09-17,IC702010,52873a58bb1774e8eb357b9ee2632b02e9d502b9d029bcfc8fff973ae325fc43,F,0.218766,0.64723,D,solar_transition,gs://infrasure-scr-data/Solar-asset/transition_risk/CONUS13K_Cell_345233_LA_MISO_SolarPV_transition_risks.xlsx
346713,USA_16808,2026-09-17,IC702010,52873a58bb1774e8eb357b9ee2632b02e9d502b9d029bcfc8fff973ae325fc43,F,0.218766,0.64723,D,solar_transition,gs://infrasure-scr-data/Solar-asset/transition_risk/CONUS13K_Cell_346713_FL_Non-ISO_FRCC_SolarPV_transition_risks.xlsx
349588,USA_16911,2026-09-17,IC702010,52873a58bb1774e8eb357b9ee2632b02e9d502b9d029bcfc8fff973ae325fc43,F,0.218766,0.64723,D,solar_transition,gs://infrasure-scr-data/Solar-asset/transition_risk/CONUS13K_Cell_349588_FL_Non-ISO_FRCC_SolarPV_transition_risks.xlsx
353913,USA_17014,2026-09-17,IC702010,52873a58bb1774e8eb357b9ee2632b02e9d502b9d029bcfc8fff973ae325fc43,F,0.218766,0.64723,D,solar_transition,gs://infrasure-scr-data/Solar-asset/transition_risk/CONUS13K_Cell_353913_FL_Non-ISO_FRCC_SolarPV_transition_risks.xlsx
361112,USA_17116,2026-09-17,IC702010,52873a58bb1774e8eb357b9ee2632b02e9d502b9d029bcfc8fff973ae325fc43,F,0.218766,0.64723,D,solar_transition,gs://infrasure-scr-data/Solar-asset/transition_risk/CONUS13K_Cell_361112_FL_Non-ISO_FRCC_SolarPV_transition_risks.xlsx
376954,USA_17219,2026-09-17,IC702010,52873a58bb1774e8eb357b9ee2632b02e9d502b9d029bcfc8fff973ae325fc43,F,0.218766,0.64723,D,solar_transition,gs://infrasure-scr-data/Solar-asset/transition_risk/CONUS13K_Cell_376954_FL_Non-ISO_FRCC_SolarPV_transition_risks.xlsx
235780,USA_17220,2026-09-16,IC701010,f50fc22b335ecf348ceda0a1669872630df108d41c78b0cda9b0b36e5afaa9de,F,0.218766,0.64723,D,wind_transition,gs://infrasure-scr-data/onshore_wind/transition_risk/CONUS13K_Cell_235780_MN_MISO_OnshoreWind_transition_risks.xlsx
238615,USA_17323,2026-09-16,IC701010,f50fc22b335ecf348ceda0a1669872630df108d41c78b0cda9b0b36e5afaa9de,F,0.218766,0.64723,D,wind_transition,gs://infrasure-scr-data/onshore_wind/transition_risk/CONUS13K_Cell_238615_MT_WEIM_OnshoreWind_transition_risks.xlsx
240047,USA_17426,2026-09-16,IC701010,f50fc22b335ecf348ceda0a1669872630df108d41c78b0cda9b0b36e5afaa9de,F,0.218766,0.64723,D,wind_transition,gs://infrasure-scr-data/onshore_wind/transition_risk/CONUS13K_Cell_240047_MT_WEIM_OnshoreWind_transition_risks.xlsx
241467,USA_17529,2026-09-16,IC701010,f50fc22b335ecf348ceda0a1669872630df108d41c78b0cda9b0b36e5afaa9de,F,0.218766,0.64723,D,wind_transition,gs://infrasure-scr-data/onshore_wind/transition_risk/CONUS13K_Cell_241467_MT_WEIM_OnshoreWind_transition_risks.xlsx
242880,USA_17632,2026-09-16,IC701010,f50fc22b335ecf348ceda0a1669872630df108d41c78b0cda9b0b36e5afaa9de,F,0.218766,0.64723,D,wind_transition,gs://infrasure-scr-data/onshore_wind/transition_risk/CONUS13K_Cell_242880_WA_WEIM_OnshoreWind_transition_risks.xlsx
242983,USA_17735,2026-09-16,IC701010,f50fc22b335ecf348ceda0a1669872630df108d41c78b0cda9b0b36e5afaa9de,F,0.218766,0.64723,D,wind_transition,gs://infrasure-scr-data/onshore_wind/transition_risk/CONUS13K_Cell_242983_MN_MISO_OnshoreWind_transition_risks.xlsx
244387,USA_17838,2026-09-16,IC701010,f50fc22b335ecf348ceda0a1669872630df108d41c78b0cda9b0b36e5afaa9de,F,0.218766,0.64723,D,wind_transition,gs://infrasure-scr-data/onshore_wind/transition_risk/CONUS13K_Cell_244387_ND_MISO_OnshoreWind_transition_risks.xlsx
245795,USA_17941,2026-09-16,IC701010,f50fc22b335ecf348ceda0a1669872630df108d41c78b0cda9b0b36e5afaa9de,F,0.218766,0.64723,D,wind_transition,gs://infrasure-scr-data/onshore_wind/transition_risk/CONUS13K_Cell_245795_MT_WEIM_OnshoreWind_transition_risks.xlsx
247205,USA_18044,2026-09-16,IC701010,f50fc22b335ecf348ceda0a1669872630df108d41c78b0cda9b0b36e5afaa9de,F,0.218766,0.64723,D,wind_transition,gs://infrasure-scr-data/onshore_wind/transition_risk/CONUS13K_Cell_247205_WA_WEIM_OnshoreWind_transition_risks.xlsx
247308,USA_18147,2026-09-16,IC701010,f50fc22b335ecf348ceda0a1669872630df108d41c78b0cda9b0b36e5afaa9de,F,0.218766,0.64723,D,wind_transition,gs://infrasure-scr-data/onshore_wind/transition_risk/CONUS13K_Cell_247308_MN_MISO_OnshoreWind_transition_risks.xlsx
248715,USA_18250,2026-09-16,IC701010,f50fc22b335ecf348ceda0a1669872630df108d41c78b0cda9b0b36e5afaa9de,F,0.218766,0.64723,D,wind_transition,gs://infrasure-scr-data/onshore_wind/transition_risk/CONUS13K_Cell_248715_ND_MISO_OnshoreWind_transition_risks.xlsx
250119,USA_18353,2026-09-16,IC701010,f50fc22b335ecf348ceda0a1669872630df108d41c78b0cda9b0b36e5afaa9de,F,0.218766,0.64723,D,wind_transition,gs://infrasure-scr-data/onshore_wind/transition_risk/CONUS13K_Cell_250119_MT_WEIM_OnshoreWind_transition_risks.xlsx
251513,USA_18456,2026-09-16,IC701010,f50fc22b335ecf348ceda0a1669872630df108d41c78b0cda9b0b36e5afaa9de,F,0.218766,0.64723,D,wind_transition,gs://infrasure-scr-data/onshore_wind/transition_risk/CONUS13K_Cell_251513_WA_WEIM_OnshoreWind_transition_risks.xlsx
251616,USA_18559,2026-09-16,IC701010,f50fc22b335ecf348ceda0a1669872630df108d41c78b0cda9b0b36e5afaa9de,F,0.218766,0.64723,D,wind_transition,gs://infrasure-scr-data/onshore_wind/transition_risk/CONUS13K_Cell_251616_MN_MISO_OnshoreWind_transition_risks.xlsx
252997,USA_18662,2026-09-16,IC701010,f50fc22b335ecf348ceda0a1669872630df108d41c78b0cda9b0b36e5afaa9de,F,0.218766,0.64723,D,wind_transition,gs://infrasure-scr-data/onshore_wind/transition_risk/CONUS13K_Cell_252997_MT_WEIM_OnshoreWind_transition_risks.xlsx
253100,USA_18765,2026-09-16,IC701010,f50fc22b335ecf348ceda0a1669872630df108d41c78b0cda9b0b36e5afaa9de,F,0.218766,0.64723,D,wind_transition,gs://infrasure-scr-data/onshore_wind/transition_risk/CONUS13K_Cell_253100_MI_MISO_OnshoreWind_transition_risks.xlsx
254474,USA_18868,2026-09-16,IC701010,f50fc22b335ecf348ceda0a1669872630df108d41c78b0cda9b0b36e5afaa9de,F,0.218766,0.64723,D,wind_transition,gs://infrasure-scr-data/onshore_wind/transition_risk/CONUS13K_Cell_254474_ND_MISO_OnshoreWind_transition_risks.xlsx
255849,USA_18971,2026-09-16,IC701010,f50fc22b335ecf348ceda0a1669872630df108d41c78b0cda9b0b36e5afaa9de,F,0.218766,0.64723,D,wind_transition,gs://infrasure-scr-data/onshore_wind/transition_risk/CONUS13K_Cell_255849_OR_WEIM_OnshoreWind_transition_risks.xlsx
255952,USA_19074,2026-09-16,IC701010,f50fc22b335ecf348ceda0a1669872630df108d41c78b0cda9b0b36e5afaa9de,F,0.218766,0.64723,D,wind_transition,gs://infrasure-scr-data/onshore_wind/transition_risk/CONUS13K_Cell_255952_WI_MISO_OnshoreWind_transition_risks.xlsx
257335,USA_19177,2026-09-16,IC701010,f50fc22b335ecf348ceda0a1669872630df108d41c78b0cda9b0b36e5afaa9de,F,0.218766,0.64723,D,wind_transition,gs://infrasure-scr-data/onshore_wind/transition_risk/CONUS13K_Cell_257335_MT_WEIM_OnshoreWind_transition_risks.xlsx
258715,USA_19280,2026-09-16,IC701010,f50fc22b335ecf348ceda0a1669872630df108d41c78b0cda9b0b36e5afaa9de,F,0.218766,0.64723,D,wind_transition,gs://infrasure-scr-data/onshore_wind/transition_risk/CONUS13K_Cell_258715_OR_WEIM_OnshoreWind_transition_risks.xlsx
258818,USA_19383,2026-09-16,IC701010,f50fc22b335ecf348ceda0a1669872630df108d41c78b0cda9b0b36e5afaa9de,F,0.218766,0.64723,D,wind_transition,gs://infrasure-scr-data/onshore_wind/transition_risk/CONUS13K_Cell_258818_MN_MISO_OnshoreWind_transition_risks.xlsx
260190,USA_19487,2026-09-16,IC701010,f50fc22b335ecf348ceda0a1669872630df108d41c78b0cda9b0b36e5afaa9de,F,0.218766,0.64723,D,wind_transition,gs://infrasure-scr-data/onshore_wind/transition_risk/CONUS13K_Cell_260190_MT_WEIM_OnshoreWind_transition_risks.xlsx
260300,USA_19590,2026-09-16,IC701010,f50fc22b335ecf348ceda0a1669872630df108d41c78b0cda9b0b36e5afaa9de,F,0.218766,0.64723,D,wind_transition,gs://infrasure-scr-data/onshore_wind/transition_risk/CONUS13K_Cell_260300_MI_MISO_OnshoreWind_transition_risks.xlsx
261653,USA_19693,2026-09-16,IC701010,f50fc22b335ecf348ceda0a1669872630df108d41c78b0cda9b0b36e5afaa9de,F,0.218766,0.64723,D,wind_transition,gs://infrasure-scr-data/onshore_wind/transition_risk/CONUS13K_Cell_261653_WY_WEIM_OnshoreWind_transition_risks.xlsx
261794,USA_19796,2026-09-16,IC701010,f50fc22b335ecf348ceda0a1669872630df108d41c78b0cda9b0b36e5afaa9de,F,0.218766,0.64723,D,wind_transition,gs://infrasure-scr-data/onshore_wind/transition_risk/CONUS13K_Cell_261794_NH_ISO-NE_OnshoreWind_transition_risks.xlsx
263109,USA_19899,2026-09-16,IC701010,f50fc22b335ecf348ceda0a1669872630df108d41c78b0cda9b0b36e5afaa9de,F,0.218766,0.64723,D,wind_transition,gs://infrasure-scr-data/onshore_wind/transition_risk/CONUS13K_Cell_263109_SD_MISO_OnshoreWind_transition_risks.xlsx
263247,USA_20002,2026-09-16,IC701010,f50fc22b335ecf348ceda0a1669872630df108d41c78b0cda9b0b36e5afaa9de,F,0.218766,0.64723,D,wind_transition,gs://infrasure-scr-data/onshore_wind/transition_risk/CONUS13K_Cell_263247_ME_ISO-NE_OnshoreWind_transition_risks.xlsx
264565,USA_20105,2026-09-16,IC701010,f50fc22b335ecf348ceda0a1669872630df108d41c78b0cda9b0b36e5afaa9de,F,0.218766,0.64723,D,wind_transition,gs://infrasure-scr-data/onshore_wind/transition_risk/CONUS13K_Cell_264565_SD_MISO_OnshoreWind_transition_risks.xlsx
265922,USA_20208,2026-09-16,IC701010,f50fc22b335ecf348ceda0a1669872630df108d41c78b0cda9b0b36e5afaa9de,F,0.218766,0.64723,D,wind_transition,gs://infrasure-scr-data/onshore_wind/transition_risk/CONUS13K_Cell_265922_OR_WEIM_OnshoreWind_transition_risks.xlsx
266025,USA_20311,2026-09-16,IC701010,f50fc22b335ecf348ceda0a1669872630df108d41c78b0cda9b0b36e5afaa9de,F,0.218766,0.64723,D,wind_transition,gs://infrasure-scr-data/onshore_wind/transition_risk/CONUS13K_Cell_266025_MN_MISO_OnshoreWind_transition_risks.xlsx
267381,USA_20414,2026-09-16,IC701010,f50fc22b335ecf348ceda0a1669872630df108d41c78b0cda9b0b36e5afaa9de,F,0.218766,0.64723,D,wind_transition,gs://infrasure-scr-data/onshore_wind/transition_risk/CONUS13K_Cell_267381_ID_WEIM_OnshoreWind_transition_risks.xlsx
267484,USA_20517,2026-09-16,IC701010,23850bce84e11209f606cf09004ffbeeb5fec3e47df4791cc941ac6e46dac21a,E,0.630592,2.045696,D,wind_transition,gs://infrasure-scr-data/onshore_wind/transition_risk/CONUS13K_Cell_267484_WI_MISO_OnshoreWind_transition_risks.xlsx
268842,USA_20620,2026-09-16,IC701010,23850bce84e11209f606cf09004ffbeeb5fec3e47df4791cc941ac6e46dac21a,E,0.630592,2.045696,D,wind_transition,gs://infrasure-scr-data/onshore_wind/transition_risk/CONUS13K_Cell_268842_WY_WEIM_OnshoreWind_transition_risks.xlsx
268976,USA_20723,2026-09-16,IC701010,23850bce84e11209f606cf09004ffbeeb5fec3e47df4791cc941ac6e46dac21a,E,0.630592,2.045696,D,wind_transition,gs://infrasure-scr-data/onshore_wind/transition_risk/CONUS13K_Cell_268976_NY_NYISO_OnshoreWind_transition_risks.xlsx
270303,USA_20826,2026-09-16,IC701010,23850bce84e11209f606cf09004ffbeeb5fec3e47df4791cc941ac6e46dac21a,E,0.630592,2.045696,D,wind_transition,gs://infrasure-scr-data/onshore_wind/transition_risk/CONUS13K_Cell_270303_WY_WEIM_OnshoreWind_transition_risks.xlsx
270426,USA_20929,2026-09-16,IC701010,23850bce84e11209f606cf09004ffbeeb5fec3e47df4791cc941ac6e46dac21a,E,0.630592,2.045696,D,wind_transition,gs://infrasure-scr-data/onshore_wind/transition_risk/CONUS13K_Cell_270426_NY_NYISO_OnshoreWind_transition_risks.xlsx
271754,USA_21032,2026-09-16,IC701010,23850bce84e11209f606cf09004ffbeeb5fec3e47df4791cc941ac6e46dac21a,E,0.630592,2.045696,D,wind_transition,gs://infrasure-scr-data/onshore_wind/transition_risk/CONUS13K_Cell_271754_SD_MISO_OnshoreWind_transition_risks.xlsx
271877,USA_21135,2026-09-16,IC701010,23850bce84e11209f606cf09004ffbeeb5fec3e47df4791cc941ac6e46dac21a,E,0.630592,2.045696,D,wind_transition,gs://infrasure-scr-data/onshore_wind/transition_risk/CONUS13K_Cell_271877_NH_ISO-NE_OnshoreWind_transition_risks.xlsx
273204,USA_21238,2026-09-16,IC701010,23850bce84e11209f606cf09004ffbeeb5fec3e47df4791cc941ac6e46dac21a,E,0.630592,2.045696,D,wind_transition,gs://infrasure-scr-data/onshore_wind/transition_risk/CONUS13K_Cell_273204_NE_SPP_OnshoreWind_transition_risks.xlsx
274554,USA_21341,2026-09-16,IC701010,23850bce84e11209f606cf09004ffbeeb5fec3e47df4791cc941ac6e46dac21a,E,0.630592,2.045696,D,wind_transition,gs://infrasure-scr-data/onshore_wind/transition_risk/CONUS13K_Cell_274554_OR_WEIM_OnshoreWind_transition_risks.xlsx
274657,USA_21444,2026-09-16,IC701010,23850bce84e11209f606cf09004ffbeeb5fec3e47df4791cc941ac6e46dac21a,E,0.630592,2.045696,D,wind_transition,gs://infrasure-scr-data/onshore_wind/transition_risk/CONUS13K_Cell_274657_IA_MISO_OnshoreWind_transition_risks.xlsx
276007,USA_21547,2026-09-16,IC701010,23850bce84e11209f606cf09004ffbeeb5fec3e47df4791cc941ac6e46dac21a,E,0.630592,2.045696,D,wind_transition,gs://infrasure-scr-data/onshore_wind/transition_risk/CONUS13K_Cell_276007_OR_WEIM_OnshoreWind_transition_risks.xlsx
276110,USA_21650,2026-09-16,IC701010,23850bce84e11209f606cf09004ffbeeb5fec3e47df4791cc941ac6e46dac21a,E,0.630592,2.045696,D,wind_transition,gs://infrasure-scr-data/onshore_wind/transition_risk/CONUS13K_Cell_276110_IA_MISO_OnshoreWind_transition_risks.xlsx
277459,USA_21753,2026-09-16,IC701010,23850bce84e11209f606cf09004ffbeeb5fec3e47df4791cc941ac6e46dac21a,E,0.630592,2.045696,D,wind_transition,gs://infrasure-scr-data/onshore_wind/transition_risk/CONUS13K_Cell_277459_ID_WEIM_OnshoreWind_transition_risks.xlsx
277562,USA_21856,2026-09-16,IC701010,23850bce84e11209f606cf09004ffbeeb5fec3e47df4791cc941ac6e46dac21a,E,0.630592,2.045696,D,wind_transition,gs://infrasure-scr-data/onshore_wind/transition_risk/CONUS13K_Cell_277562_IL_MISO_OnshoreWind_transition_risks.xlsx
278906,USA_21959,2026-09-16,IC701010,23850bce84e11209f606cf09004ffbeeb5fec3e47df4791cc941ac6e46dac21a,E,0.630592,2.045696,D,wind_transition,gs://infrasure-scr-data/onshore_wind/transition_risk/CONUS13K_Cell_278906_UT_WEIM_OnshoreWind_transition_risks.xlsx
279009,USA_22062,2026-09-16,IC701010,23850bce84e11209f606cf09004ffbeeb5fec3e47df4791cc941ac6e46dac21a,E,0.630592,2.045696,D,wind_transition,gs://infrasure-scr-data/onshore_wind/transition_risk/CONUS13K_Cell_279009_IL_PJM_OnshoreWind_transition_risks.xlsx
280347,USA_22165,2026-09-16,IC701010,23850bce84e11209f606cf09004ffbeeb5fec3e47df4791cc941ac6e46dac21a,E,0.630592,2.045696,D,wind_transition,gs://infrasure-scr-data/onshore_wind/transition_risk/CONUS13K_Cell_280347_UT_WEIM_OnshoreWind_transition_risks.xlsx
280450,USA_22268,2026-09-16,IC701010,23850bce84e11209f606cf09004ffbeeb5fec3e47df4791cc941ac6e46dac21a,E,0.630592,2.045696,D,wind_transition,gs://infrasure-scr-data/onshore_wind/transition_risk/CONUS13K_Cell_280450_IN_MISO_OnshoreWind_transition_risks.xlsx
281785,USA_22371,2026-09-16,IC701010,23850bce84e11209f606cf09004ffbeeb5fec3e47df4791cc941ac6e46dac21a,E,0.630592,2.045696,D,wind_transition,gs://infrasure-scr-data/onshore_wind/transition_risk/CONUS13K_Cell_281785_UT_WEIM_OnshoreWind_transition_risks.xlsx
281888,USA_22474,2026-09-16,IC701010,23850bce84e11209f606cf09004ffbeeb5fec3e47df4791cc941ac6e46dac21a,E,0.630592,2.045696,D,wind_transition,gs://infrasure-scr-data/onshore_wind/transition_risk/CONUS13K_Cell_281888_IL_PJM_OnshoreWind_transition_risks.xlsx
283224,USA_22577,2026-09-16,IC701010,23850bce84e11209f606cf09004ffbeeb5fec3e47df4791cc941ac6e46dac21a,E,0.630592,2.045696,D,wind_transition,gs://infrasure-scr-data/onshore_wind/transition_risk/CONUS13K_Cell_283224_UT_WEIM_OnshoreWind_transition_risks.xlsx
283327,USA_22680,2026-09-16,IC701010,23850bce84e11209f606cf09004ffbeeb5fec3e47df4791cc941ac6e46dac21a,E,0.630592,2.045696,D,wind_transition,gs://infrasure-scr-data/onshore_wind/transition_risk/CONUS13K_Cell_283327_IL_PJM_OnshoreWind_transition_risks.xlsx
284666,USA_22783,2026-09-16,IC701010,23850bce84e11209f606cf09004ffbeeb5fec3e47df4791cc941ac6e46dac21a,E,0.630592,2.045696,D,wind_transition,gs://infrasure-scr-data/onshore_wind/transition_risk/CONUS13K_Cell_284666_UT_WEIM_OnshoreWind_transition_risks.xlsx
284769,USA_22886,2026-09-16,IC701010,23850bce84e11209f606cf09004ffbeeb5fec3e47df4791cc941ac6e46dac21a,E,0.630592,2.045696,D,wind_transition,gs://infrasure-scr-data/onshore_wind/transition_risk/CONUS13K_Cell_284769_IL_PJM_OnshoreWind_transition_risks.xlsx
286106,USA_22989,2026-09-16,IC701010,23850bce84e11209f606cf09004ffbeeb5fec3e47df4791cc941ac6e46dac21a,E,0.630592,2.045696,D,wind_transition,gs://infrasure-scr-data/onshore_wind/transition_risk/CONUS13K_Cell_286106_UT_WEIM_OnshoreWind_transition_risks.xlsx
286209,USA_23092,2026-09-16,IC701010,23850bce84e11209f606cf09004ffbeeb5fec3e47df4791cc941ac6e46dac21a,E,0.630592,2.045696,D,wind_transition,gs://infrasure-scr-data/onshore_wind/transition_risk/CONUS13K_Cell_286209_IL_PJM_OnshoreWind_transition_risks.xlsx
287551,USA_23195,2026-09-16,IC701010,23850bce84e11209f606cf09004ffbeeb5fec3e47df4791cc941ac6e46dac21a,E,0.630592,2.045696,D,wind_transition,gs://infrasure-scr-data/onshore_wind/transition_risk/CONUS13K_Cell_287551_UT_WEIM_OnshoreWind_transition_risks.xlsx
287654,USA_23298,2026-09-16,IC701010,23850bce84e11209f606cf09004ffbeeb5fec3e47df4791cc941ac6e46dac21a,E,0.630592,2.045696,D,wind_transition,gs://infrasure-scr-data/onshore_wind/transition_risk/CONUS13K_Cell_287654_IN_PJM_OnshoreWind_transition_risks.xlsx
288996,USA_23401,2026-09-16,IC701010,23850bce84e11209f606cf09004ffbeeb5fec3e47df4791cc941ac6e46dac21a,E,0.630592,2.045696,D,wind_transition,gs://infrasure-scr-data/onshore_wind/transition_risk/CONUS13K_Cell_288996_UT_WEIM_OnshoreWind_transition_risks.xlsx
289099,USA_23504,2026-09-16,IC701010,23850bce84e11209f606cf09004ffbeeb5fec3e47df4791cc941ac6e46dac21a,E,0.630592,2.045696,D,wind_transition,gs://infrasure-scr-data/onshore_wind/transition_risk/CONUS13K_Cell_289099_IN_PJM_OnshoreWind_transition_risks.xlsx
290443,USA_23607,2026-09-16,IC701010,23850bce84e11209f606cf09004ffbeeb5fec3e47df4791cc941ac6e46dac21a,E,0.630592,2.045696,D,wind_transition,gs://infrasure-scr-data/onshore_wind/transition_risk/CONUS13K_Cell_290443_UT_WEIM_OnshoreWind_transition_risks.xlsx
290546,USA_23710,2026-09-16,IC701010,23850bce84e11209f606cf09004ffbeeb5fec3e47df4791cc941ac6e46dac21a,E,0.630592,2.045696,D,wind_transition,gs://infrasure-scr-data/onshore_wind/transition_risk/CONUS13K_Cell_290546_OH_PJM_OnshoreWind_transition_risks.xlsx
291891,USA_23814,2026-09-16,IC701010,23850bce84e11209f606cf09004ffbeeb5fec3e47df4791cc941ac6e46dac21a,E,0.630592,2.045696,D,wind_transition,gs://infrasure-scr-data/onshore_wind/transition_risk/CONUS13K_Cell_291891_CO_WEIM_OnshoreWind_transition_risks.xlsx
291994,USA_23917,2026-09-16,IC701010,23850bce84e11209f606cf09004ffbeeb5fec3e47df4791cc941ac6e46dac21a,E,0.630592,2.045696,D,wind_transition,gs://infrasure-scr-data/onshore_wind/transition_risk/CONUS13K_Cell_291994_OH_PJM_OnshoreWind_transition_risks.xlsx
293340,USA_24020,2026-09-16,IC701010,23850bce84e11209f606cf09004ffbeeb5fec3e47df4791cc941ac6e46dac21a,E,0.630592,2.045696,D,wind_transition,gs://infrasure-scr-data/onshore_wind/transition_risk/CONUS13K_Cell_293340_CO_WEIM_OnshoreWind_transition_risks.xlsx
293443,USA_24123,2026-09-16,IC701010,23850bce84e11209f606cf09004ffbeeb5fec3e47df4791cc941ac6e46dac21a,E,0.630592,2.045696,D,wind_transition,gs://infrasure-scr-data/onshore_wind/transition_risk/CONUS13K_Cell_293443_WV_PJM_OnshoreWind_transition_risks.xlsx
294792,USA_24226,2026-09-16,IC701010,23850bce84e11209f606cf09004ffbeeb5fec3e47df4791cc941ac6e46dac21a,E,0.630592,2.045696,D,wind_transition,gs://infrasure-scr-data/onshore_wind/transition_risk/CONUS13K_Cell_294792_KS_SPP_OnshoreWind_transition_risks.xlsx
294896,USA_24329,2026-09-16,IC701010,23850bce84e11209f606cf09004ffbeeb5fec3e47df4791cc941ac6e46dac21a,E,0.630592,2.045696,D,wind_transition,gs://infrasure-scr-data/onshore_wind/transition_risk/CONUS13K_Cell_294896_MD_PJM_OnshoreWind_transition_risks.xlsx
296246,USA_24432,2026-09-16,IC701010,23850bce84e11209f606cf09004ffbeeb5fec3e47df4791cc941ac6e46dac21a,E,0.630592,2.045696,D,wind_transition,gs://infrasure-scr-data/onshore_wind/transition_risk/CONUS13K_Cell_296246_KS_SPP_OnshoreWind_transition_risks.xlsx
297598,USA_24535,2026-09-16,IC701010,23850bce84e11209f606cf09004ffbeeb5fec3e47df4791cc941ac6e46dac21a,E,0.630592,2.045696,D,wind_transition,gs://infrasure-scr-data/onshore_wind/transition_risk/CONUS13K_Cell_297598_CA_CAISO_OnshoreWind_transition_risks.xlsx
297701,USA_24638,2026-09-16,IC701010,23850bce84e11209f606cf09004ffbeeb5fec3e47df4791cc941ac6e46dac21a,E,0.630592,2.045696,D,wind_transition,gs://infrasure-scr-data/onshore_wind/transition_risk/CONUS13K_Cell_297701_KS_SPP_OnshoreWind_transition_risks.xlsx
299054,USA_24741,2026-09-16,IC701010,23850bce84e11209f606cf09004ffbeeb5fec3e47df4791cc941ac6e46dac21a,E,0.630592,2.045696,D,wind_transition,gs://infrasure-scr-data/onshore_wind/transition_risk/CONUS13K_Cell_299054_NV_WEIM_OnshoreWind_transition_risks.xlsx
299157,USA_24844,2026-09-16,IC701010,23850bce84e11209f606cf09004ffbeeb5fec3e47df4791cc941ac6e46dac21a,E,0.630592,2.045696,D,wind_transition,gs://infrasure-scr-data/onshore_wind/transition_risk/CONUS13K_Cell_299157_MO_MISO_OnshoreWind_transition_risks.xlsx
300510,USA_24947,2026-09-16,IC701010,23850bce84e11209f606cf09004ffbeeb5fec3e47df4791cc941ac6e46dac21a,E,0.630592,2.045696,D,wind_transition,gs://infrasure-scr-data/onshore_wind/transition_risk/CONUS13K_Cell_300510_UT_WEIM_OnshoreWind_transition_risks.xlsx
300613,USA_25050,2026-09-16,IC701010,23850bce84e11209f606cf09004ffbeeb5fec3e47df4791cc941ac6e46dac21a,E,0.630592,2.045696,D,wind_transition,gs://infrasure-scr-data/onshore_wind/transition_risk/CONUS13K_Cell_300613_IN_PJM_OnshoreWind_transition_risks.xlsx
301969,USA_25153,2026-09-16,IC701010,23850bce84e11209f606cf09004ffbeeb5fec3e47df4791cc941ac6e46dac21a,E,0.630592,2.045696,D,wind_transition,gs://infrasure-scr-data/onshore_wind/transition_risk/CONUS13K_Cell_301969_CO_WEIM_OnshoreWind_transition_risks.xlsx
302072,USA_25256,2026-09-16,IC701010,23850bce84e11209f606cf09004ffbeeb5fec3e47df4791cc941ac6e46dac21a,E,0.630592,2.045696,D,wind_transition,gs://infrasure-scr-data/onshore_wind/transition_risk/CONUS13K_Cell_302072_WV_PJM_OnshoreWind_transition_risks.xlsx
303430,USA_25359,2026-09-16,IC701010,23850bce84e11209f606cf09004ffbeeb5fec3e47df4791cc941ac6e46dac21a,E,0.630592,2.045696,D,wind_transition,gs://infrasure-scr-data/onshore_wind/transition_risk/CONUS13K_Cell_303430_CO_WEIM_OnshoreWind_transition_risks.xlsx
303533,USA_25462,2026-09-16,IC701010,23850bce84e11209f606cf09004ffbeeb5fec3e47df4791cc941ac6e46dac21a,E,0.630592,2.045696,D,wind_transition,gs://infrasure-scr-data/onshore_wind/transition_risk/CONUS13K_Cell_303533_VA_PJM_OnshoreWind_transition_risks.xlsx
304891,USA_25565,2026-09-16,IC701010,23850bce84e11209f606cf09004ffbeeb5fec3e47df4791cc941ac6e46dac21a,E,0.630592,2.045696,D,wind_transition,gs://infrasure-scr-data/onshore_wind/transition_risk/CONUS13K_Cell_304891_KS_SPP_OnshoreWind_transition_risks.xlsx
306250,USA_25668,2026-09-16,IC701010,23850bce84e11209f606cf09004ffbeeb5fec3e47df4791cc941ac6e46dac21a,E,0.630592,2.045696,D,wind_transition,gs://infrasure-scr-data/onshore_wind/transition_risk/CONUS13K_Cell_306250_CA_CAISO_OnshoreWind_transition_risks.xlsx
306353,USA_25771,2026-09-16,IC701010,23850bce84e11209f606cf09004ffbeeb5fec3e47df4791cc941ac6e46dac21a,E,0.630592,2.045696,D,wind_transition,gs://infrasure-scr-data/onshore_wind/transition_risk/CONUS13K_Cell_306353_MO_MISO_OnshoreWind_transition_risks.xlsx
307715,USA_25874,2026-09-16,IC701010,23850bce84e11209f606cf09004ffbeeb5fec3e47df4791cc941ac6e46dac21a,E,0.630592,2.045696,D,wind_transition,gs://infrasure-scr-data/onshore_wind/transition_risk/CONUS13K_Cell_307715_AZ_WEIM_OnshoreWind_transition_risks.xlsx
307818,USA_25977,2026-09-16,IC701010,23850bce84e11209f606cf09004ffbeeb5fec3e47df4791cc941ac6e46dac21a,E,0.630592,2.045696,D,wind_transition,gs://infrasure-scr-data/onshore_wind/transition_risk/CONUS13K_Cell_307818_KY_PJM_OnshoreWind_transition_risks.xlsx
309177,USA_26080,2026-09-16,IC701010,23850bce84e11209f606cf09004ffbeeb5fec3e47df4791cc941ac6e46dac21a,E,0.630592,2.045696,D,wind_transition,gs://infrasure-scr-data/onshore_wind/transition_risk/CONUS13K_Cell_309177_NM_WEIM_OnshoreWind_transition_risks.xlsx
309280,USA_26183,2026-09-16,IC701010,23850bce84e11209f606cf09004ffbeeb5fec3e47df4791cc941ac6e46dac21a,E,0.630592,2.045696,D,wind_transition,gs://infrasure-scr-data/onshore_wind/transition_risk/CONUS13K_Cell_309280_NC_Non-ISO_DukeCarolinas_OnshoreWind_transition_risks.xlsx
310640,USA_26286,2026-09-16,IC701010,23850bce84e11209f606cf09004ffbeeb5fec3e47df4791cc941ac6e46dac21a,E,0.630592,2.045696,D,wind_transition,gs://infrasure-scr-data/onshore_wind/transition_risk/CONUS13K_Cell_310640_OK_SPP_OnshoreWind_transition_risks.xlsx
312000,USA_26389,2026-09-16,IC701010,23850bce84e11209f606cf09004ffbeeb5fec3e47df4791cc941ac6e46dac21a,E,0.630592,2.045696,D,wind_transition,gs://infrasure-scr-data/onshore_wind/transition_risk/CONUS13K_Cell_312000_CA_CAISO_OnshoreWind_transition_risks.xlsx
312103,USA_26492,2026-09-16,IC701010,23850bce84e11209f606cf09004ffbeeb5fec3e47df4791cc941ac6e46dac21a,E,0.630592,2.045696,D,wind_transition,gs://infrasure-scr-data/onshore_wind/transition_risk/CONUS13K_Cell_312103_AR_MISO_OnshoreWind_transition_risks.xlsx
313467,USA_26595,2026-09-16,IC701010,23850bce84e11209f606cf09004ffbeeb5fec3e47df4791cc941ac6e46dac21a,E,0.630592,2.045696,D,wind_transition,gs://infrasure-scr-data/onshore_wind/transition_risk/CONUS13K_Cell_313467_AZ_WEIM_OnshoreWind_transition_risks.xlsx
313570,USA_26698,2026-09-16,IC701010,23850bce84e11209f606cf09004ffbeeb5fec3e47df4791cc941ac6e46dac21a,E,0.630592,2.045696,D,wind_transition,gs://infrasure-scr-data/onshore_wind/transition_risk/CONUS13K_Cell_313570_TN_Non-ISO_TVA_OnshoreWind_transition_risks.xlsx
314932,USA_26801,2026-09-16,IC701010,23850bce84e11209f606cf09004ffbeeb5fec3e47df4791cc941ac6e46dac21a,E,0.630592,2.045696,D,wind_transition,gs://infrasure-scr-data/onshore_wind/transition_risk/CONUS13K_Cell_314932_NM_WEIM_OnshoreWind_transition_risks.xlsx
315035,USA_26904,2026-09-16,IC701010,23850bce84e11209f606cf09004ffbeeb5fec3e47df4791cc941ac6e46dac21a,E,0.630592,2.045696,D,wind_transition,gs://infrasure-scr-data/onshore_wind/transition_risk/CONUS13K_Cell_315035_NC_Non-ISO_DukeCarolinas_OnshoreWind_transition_risks.xlsx
316399,USA_27007,2026-09-16,IC701010,23850bce84e11209f606cf09004ffbeeb5fec3e47df4791cc941ac6e46dac21a,E,0.630592,2.045696,D,wind_transition,gs://infrasure-scr-data/onshore_wind/transition_risk/CONUS13K_Cell_316399_TX_ERCOT_OnshoreWind_transition_risks.xlsx
317765,USA_27110,2026-09-16,IC701010,23850bce84e11209f606cf09004ffbeeb5fec3e47df4791cc941ac6e46dac21a,E,0.630592,2.045696,D,wind_transition,gs://infrasure-scr-data/onshore_wind/transition_risk/CONUS13K_Cell_317765_CA_CAISO_OnshoreWind_transition_risks.xlsx
317868,USA_27213,2026-09-16,IC701010,23850bce84e11209f606cf09004ffbeeb5fec3e47df4791cc941ac6e46dac21a,E,0.630592,2.045696,D,wind_transition,gs://infrasure-scr-data/onshore_wind/transition_risk/CONUS13K_Cell_317868_AR_MISO_OnshoreWind_transition_risks.xlsx
319234,USA_27316,2026-09-16,IC701010,23850bce84e11209f606cf09004ffbeeb5fec3e47df4791cc941ac6e46dac21a,E,0.630592,2.045696,D,wind_transition,gs://infrasure-scr-data/onshore_wind/transition_risk/CONUS13K_Cell_319234_AZ_WEIM_OnshoreWind_transition_risks.xlsx
319337,USA_28401,2026-09-16,IC701010,23850bce84e11209f606cf09004ffbeeb5fec3e47df4791cc941ac6e46dac21a,E,0.630592,2.045696,D,wind_transition,gs://infrasure-scr-data/onshore_wind/transition_risk/CONUS13K_Cell_319337_AL_Non-ISO_Southern_OnshoreWind_transition_risks.xlsx
320705,USA_28504,2026-09-16,IC701010,23850bce84e11209f606cf09004ffbeeb5fec3e47df4791cc941ac6e46dac21a,E,0.630592,2.045696,D,wind_transition,gs://infrasure-scr-data/onshore_wind/transition_risk/CONUS13K_Cell_320705_NM_WEIM_OnshoreWind_transition_risks.xlsx
320808,USA_28607,2026-09-16,IC701010,23850bce84e11209f606cf09004ffbeeb5fec3e47df4791cc941ac6e46dac21a,E,0.630592,2.045696,D,wind_transition,gs://infrasure-scr-data/onshore_wind/transition_risk/CONUS13K_Cell_320808_NC_PJM_OnshoreWind_transition_risks.xlsx
322183,USA_28710,2026-09-16,IC701010,23850bce84e11209f606cf09004ffbeeb5fec3e47df4791cc941ac6e46dac21a,E,0.630592,2.045696,D,wind_transition,gs://infrasure-scr-data/onshore_wind/transition_risk/CONUS13K_Cell_322183_AR_MISO_OnshoreWind_transition_risks.xlsx
323563,USA_28813,2026-09-16,IC701010,23850bce84e11209f606cf09004ffbeeb5fec3e47df4791cc941ac6e46dac21a,E,0.630592,2.045696,D,wind_transition,gs://infrasure-scr-data/onshore_wind/transition_risk/CONUS13K_Cell_323563_AZ_WEIM_OnshoreWind_transition_risks.xlsx
323666,USA_28916,2026-09-16,IC701010,23850bce84e11209f606cf09004ffbeeb5fec3e47df4791cc941ac6e46dac21a,E,0.630592,2.045696,D,wind_transition,gs://infrasure-scr-data/onshore_wind/transition_risk/CONUS13K_Cell_323666_GA_Non-ISO_Southern_OnshoreWind_transition_risks.xlsx
325047,USA_29019,2026-09-16,IC701010,23850bce84e11209f606cf09004ffbeeb5fec3e47df4791cc941ac6e46dac21a,E,0.630592,2.045696,D,wind_transition,gs://infrasure-scr-data/onshore_wind/transition_risk/CONUS13K_Cell_325047_TX_ERCOT_OnshoreWind_transition_risks.xlsx
326436,USA_29123,2026-09-16,IC701010,23850bce84e11209f606cf09004ffbeeb5fec3e47df4791cc941ac6e46dac21a,E,0.630592,2.045696,D,wind_transition,gs://infrasure-scr-data/onshore_wind/transition_risk/CONUS13K_Cell_326436_AZ_WEIM_OnshoreWind_transition_risks.xlsx
326539,USA_29226,2026-09-16,IC701010,23850bce84e11209f606cf09004ffbeeb5fec3e47df4791cc941ac6e46dac21a,E,0.630592,2.045696,D,wind_transition,gs://infrasure-scr-data/onshore_wind/transition_risk/CONUS13K_Cell_326539_GA_Non-ISO_Southern_OnshoreWind_transition_risks.xlsx
327928,USA_29329,2026-09-16,IC701010,23850bce84e11209f606cf09004ffbeeb5fec3e47df4791cc941ac6e46dac21a,E,0.630592,2.045696,D,wind_transition,gs://infrasure-scr-data/onshore_wind/transition_risk/CONUS13K_Cell_327928_TX_ERCOT_OnshoreWind_transition_risks.xlsx
329318,USA_29432,2026-09-16,IC701010,23850bce84e11209f606cf09004ffbeeb5fec3e47df4791cc941ac6e46dac21a,E,0.630592,2.045696,D,wind_transition,gs://infrasure-scr-data/onshore_wind/transition_risk/CONUS13K_Cell_329318_AZ_WEIM_OnshoreWind_transition_risks.xlsx
329421,USA_29535,2026-09-16,IC701010,23850bce84e11209f606cf09004ffbeeb5fec3e47df4791cc941ac6e46dac21a,E,0.630592,2.045696,D,wind_transition,gs://infrasure-scr-data/onshore_wind/transition_risk/CONUS13K_Cell_329421_GA_Non-ISO_Southern_OnshoreWind_transition_risks.xlsx
330813,USA_29638,2026-09-16,IC701010,23850bce84e11209f606cf09004ffbeeb5fec3e47df4791cc941ac6e46dac21a,E,0.630592,2.045696,D,wind_transition,gs://infrasure-scr-data/onshore_wind/transition_risk/CONUS13K_Cell_330813_TX_ERCOT_OnshoreWind_transition_risks.xlsx
332216,USA_29741,2026-09-16,IC701010,23850bce84e11209f606cf09004ffbeeb5fec3e47df4791cc941ac6e46dac21a,E,0.630592,2.045696,D,wind_transition,gs://infrasure-scr-data/onshore_wind/transition_risk/CONUS13K_Cell_332216_NM_WEIM_OnshoreWind_transition_risks.xlsx
333624,USA_29844,2026-09-16,IC701010,23850bce84e11209f606cf09004ffbeeb5fec3e47df4791cc941ac6e46dac21a,E,0.630592,2.045696,D,wind_transition,gs://infrasure-scr-data/onshore_wind/transition_risk/CONUS13K_Cell_333624_AZ_WEIM_OnshoreWind_transition_risks.xlsx
333727,USA_29947,2026-09-16,IC701010,23850bce84e11209f606cf09004ffbeeb5fec3e47df4791cc941ac6e46dac21a,E,0.630592,2.045696,D,wind_transition,gs://infrasure-scr-data/onshore_wind/transition_risk/CONUS13K_Cell_333727_AL_Non-ISO_Southern_OnshoreWind_transition_risks.xlsx
335140,USA_30050,2026-09-16,IC701010,23850bce84e11209f606cf09004ffbeeb5fec3e47df4791cc941ac6e46dac21a,E,0.630592,2.045696,D,wind_transition,gs://infrasure-scr-data/onshore_wind/transition_risk/CONUS13K_Cell_335140_TX_ERCOT_OnshoreWind_transition_risks.xlsx
336564,USA_30153,2026-09-16,IC701010,23850bce84e11209f606cf09004ffbeeb5fec3e47df4791cc941ac6e46dac21a,E,0.630592,2.045696,D,wind_transition,gs://infrasure-scr-data/onshore_wind/transition_risk/CONUS13K_Cell_336564_TX_ERCOT_OnshoreWind_transition_risks.xlsx
337993,USA_30256,2026-09-16,IC701010,23850bce84e11209f606cf09004ffbeeb5fec3e47df4791cc941ac6e46dac21a,E,0.630592,2.045696,D,wind_transition,gs://infrasure-scr-data/onshore_wind/transition_risk/CONUS13K_Cell_337993_TX_ERCOT_OnshoreWind_transition_risks.xlsx
339437,USA_30359,2026-09-16,IC701010,23850bce84e11209f606cf09004ffbeeb5fec3e47df4791cc941ac6e46dac21a,E,0.630592,2.045696,D,wind_transition,gs://infrasure-scr-data/onshore_wind/transition_risk/CONUS13K_Cell_339437_TX_ERCOT_OnshoreWind_transition_risks.xlsx
340883,USA_30462,2026-09-16,IC701010,23850bce84e11209f606cf09004ffbeeb5fec3e47df4791cc941ac6e46dac21a,E,0.630592,2.045696,D,wind_transition,gs://infrasure-scr-data/onshore_wind/transition_risk/CONUS13K_Cell_340883_TX_ERCOT_OnshoreWind_transition_risks.xlsx
342331,USA_30565,2026-09-16,IC701010,23850bce84e11209f606cf09004ffbeeb5fec3e47df4791cc941ac6e46dac21a,E,0.630592,2.045696,D,wind_transition,gs://infrasure-scr-data/onshore_wind/transition_risk/CONUS13K_Cell_342331_TX_ERCOT_OnshoreWind_transition_risks.xlsx
343780,USA_30668,2026-09-16,IC701010,23850bce84e11209f606cf09004ffbeeb5fec3e47df4791cc941ac6e46dac21a,E,0.630592,2.045696,D,wind_transition,gs://infrasure-scr-data/onshore_wind/transition_risk/CONUS13K_Cell_343780_TX_ERCOT_OnshoreWind_transition_risks.xlsx
345231,USA_30771,2026-09-16,IC701010,23850bce84e11209f606cf09004ffbeeb5fec3e47df4791cc941ac6e46dac21a,E,0.630592,2.045696,D,wind_transition,gs://infrasure-scr-data/onshore_wind/transition_risk/CONUS13K_Cell_345231_LA_MISO_OnshoreWind_transition_risks.xlsx
346712,USA_30874,2026-09-16,IC701010,23850bce84e11209f606cf09004ffbeeb5fec3e47df4791cc941ac6e46dac21a,E,0.630592,2.045696,D,wind_transition,gs://infrasure-scr-data/onshore_wind/transition_risk/CONUS13K_Cell_346712_FL_Non-ISO_FRCC_OnshoreWind_transition_risks.xlsx
349587,USA_30977,2026-09-16,IC701010,23850bce84e11209f606cf09004ffbeeb5fec3e47df4791cc941ac6e46dac21a,E,0.630592,2.045696,D,wind_transition,gs://infrasure-scr-data/onshore_wind/transition_risk/CONUS13K_Cell_349587_FL_Non-ISO_FRCC_OnshoreWind_transition_risks.xlsx
353912,USA_31080,2026-09-16,IC701010,23850bce84e11209f606cf09004ffbeeb5fec3e47df4791cc941ac6e46dac21a,E,0.630592,2.045696,D,wind_transition,gs://infrasure-scr-data/onshore_wind/transition_risk/CONUS13K_Cell_353912_FL_Non-ISO_FRCC_OnshoreWind_transition_risks.xlsx
361112,USA_31183,2026-09-16,IC701010,23850bce84e11209f606cf09004ffbeeb5fec3e47df4791cc941ac6e46dac21a,E,0.630592,2.045696,D,wind_transition,gs://infrasure-scr-data/onshore_wind/transition_risk/CONUS13K_Cell_361112_FL_Non-ISO_FRCC_OnshoreWind_transition_risks.xlsx
376954,USA_31286,2026-09-16,IC701010,23850bce84e11209f606cf09004ffbeeb5fec3e47df4791cc941ac6e46dac21a,E,0.630592,2.045696,D,wind_transition,gs://infrasure-scr-data/onshore_wind/transition_risk/CONUS13K_Cell_376954_FL_Non-ISO_FRCC_OnshoreWind_transition_risks.xlsx
