method,scenario,horizon,minimum,median,p90,p95,p99,p99_5,p99_9,maximum,above_2,above_5,above_10,below_0_5
raw,ssp2-4.5,2025,1.0,1.0,1.0,1.0,1.0,1.0,1.0,1.0,0,0,0,0
raw,ssp2-4.5,2030,0.8333333333333336,1.0000163314057584,1.0086800276258872,1.0113994728942768,1.0205175028144966,1.0372916371841814,1.081615745668106,11.458912834101286,1,1,1,0
raw,ssp2-4.5,2035,0.7121212121212123,1.000073343067229,1.017360055251774,1.0227512302826098,1.0410175868232314,1.0782471703951932,1.1737925309292563,23.84736103841596,1,1,1,0
raw,ssp2-4.5,2040,0.6145833333333335,1.0001682939971168,1.0261036726954502,1.0342655269157417,1.0621353574531844,1.1237705368889208,1.3037599742460055,37.381958964829906,2,1,1,0
raw,ssp2-4.5,2045,0.523809523809524,1.0002802760750864,1.0348402147413593,1.0458687672647469,1.088175872566135,1.1616769439421015,1.385167973811277,59.34165684330348,5,1,1,0
raw,ssp2-4.5,2050,0.43589743589743607,1.0004299176450666,1.0435502684266997,1.057579104127785,1.1109205486043665,1.200799338253728,1.5161965713385266,94.20352708371182,7,1,1,1
raw,ssp2-4.5,2055,0.36559139784946243,1.0019551864795178,1.0516621097606371,1.0676517472892508,1.137523921549184,1.2375176018331946,1.6515751231382385,144.24711858214548,9,1,1,1
raw,ssp2-4.5,2060,0.31481481481481494,1.0039627586284046,1.059172987988548,1.0763839500967831,1.1691992215117657,1.2771604384250632,1.8378793317147706,201.91324697424338,11,2,1,1
raw,ssp2-4.5,2065,0.27642276422764234,1.0058053501526776,1.0663580138238307,1.0844948469284765,1.2278304381773666,1.3845473841106473,2.055017010564577,257.75421448470934,14,3,1,1
raw,ssp2-4.5,2070,0.24637681159420294,1.0074348565936013,1.0735543006561357,1.0936768972904354,1.3048023923694,1.5349521738101675,2.7672268526156114,306.37307879813864,28,6,3,1
raw,ssp2-4.5,2075,0.22222222222222224,1.008463697732128,1.081708135701343,1.1034232698222466,1.3594550872710498,1.7678363437710718,4.169511681779072,348.86306404293856,47,8,4,1
raw,ssp2-4.5,2080,0.20238095238095247,1.0092364175951796,1.0897801507733007,1.1138946953044144,1.4656488154716252,2.080914227107858,5.040722262051096,391.2745531846988,62,15,6,1
raw,ssp2-4.5,2085,0.18579234972677602,1.0096564152180663,1.0987279828407497,1.1256382062555665,1.5638476534040933,2.2459415675138463,6.951173176317446,443.79605621457245,70,26,9,1
raw,ssp2-4.5,2090,0.1717171717171718,1.0099974887321337,1.107283467805087,1.1389939452354345,1.6547232870107214,2.581290169593892,8.805448706289368,514.6540918375067,81,32,10,1
raw,ssp2-4.5,2095,0.15962441314553996,1.0098145846102005,1.1152274839854486,1.1499693423901087,1.7478380315815354,2.8584608694990887,10.469464028896612,586.7526289447409,90,37,13,1
raw,ssp2-4.5,2100,0.14912280701754388,1.0095357432864263,1.1238036511763476,1.1613232106974467,1.8322849972938835,3.105351232043402,11.914538249140776,649.4272523369508,98,39,17,1
raw,ssp5-8.5,2025,1.0,1.0,1.0,1.0,1.0,1.0,1.0,1.0,0,0,0,0
raw,ssp5-8.5,2030,0.49999999999999994,1.0009293946246514,1.0185738170990728,1.0224929357358903,1.031778844272317,1.044471471580815,1.1240533420386105,2.0474722986836658,1,0,0,1
raw,ssp5-8.5,2035,0.27272727272727276,1.0025685741033916,1.037186232620467,1.0449941098845796,1.0637981132337018,1.0896377879914896,1.2508238241103373,3.1174489054767993,2,0,0,1
raw,ssp5-8.5,2040,0.18749999999999997,1.0046024318787956,1.0560402091971792,1.0677531898113268,1.0959540652741797,1.1443509272402228,1.402515885953345,4.40378715081812,4,0,0,1
raw,ssp5-8.5,2045,0.14285714285714293,1.0067027506756792,1.0748985952267143,1.0904718295668763,1.1283629061609644,1.2113249243278001,1.6043347901144975,5.802650850999072,9,1,0,1
raw,ssp5-8.5,2050,0.11538461538461538,1.0091343903626582,1.0940461246339588,1.1133757062931342,1.1605483414738444,1.2631029151470112,1.7337836124821624,6.993531156447763,11,1,0,1
raw,ssp5-8.5,2055,0.0967741935483871,1.015810513988892,1.1131665282239898,1.1350526583456815,1.1927487901666354,1.3464686218313335,2.1933964298026143,8.024734441397158,14,2,0,1
raw,ssp5-8.5,2060,0.08333333333333333,1.027911716314023,1.1307438733837245,1.1554984450620545,1.2220701272433447,1.411766775695884,3.0237827708876237,10.16224261334468,16,4,1,1
raw,ssp5-8.5,2065,0.07317073170731707,1.033377681750693,1.150306869718571,1.1752921891426387,1.2664185617997852,1.5001506534381082,3.924887986529062,14.67537592283738,23,8,3,1
raw,ssp5-8.5,2070,0.06521739130434782,1.0375129088282335,1.1732485669428478,1.204679827890688,1.3236057998792723,1.577576422788817,4.736050568089593,43.321470413835144,30,11,5,1
raw,ssp5-8.5,2075,0.05882352941176471,1.0415105882750928,1.1977909003315441,1.2349386186081461,1.4204884706861145,1.7627425012319042,5.4500484629983275,130.0965695332452,39,14,8,1
raw,ssp5-8.5,2080,0.05357142857142856,1.0449743539452843,1.2232624800624237,1.269212176539771,1.5218052159286908,1.9567636343720025,6.771054611154465,300.80654700689666,54,20,9,1
raw,ssp5-8.5,2085,0.04918032786885246,1.04845738827047,1.2505650064254943,1.3055967227930472,1.6270642603574408,2.1634493790239158,12.646651428028775,569.8039180401854,69,21,16,2
raw,ssp5-8.5,2090,0.045454545454545456,1.0512386396786484,1.2816756286160347,1.3500974931357383,1.7398298924350566,2.393496383735795,16.673924805551188,917.8538090088882,81,26,17,2
raw,ssp5-8.5,2095,0.04225352112676056,1.0536752785613956,1.3148434351354903,1.39658940078164,1.8577843422082376,2.590512113598809,18.64128051306953,1259.7323288821856,87,29,19,2
raw,ssp5-8.5,2100,0.03947368421052631,1.0561618392256111,1.347148533789714,1.446725595724955,1.977041900806114,2.7173472054841996,19.948910317521737,1556.7451149210062,108,32,19,2
hard_cap_5,ssp2-4.5,2025,1.0,1.0,1.0,1.0,1.0,1.0,1.0,1.0,0,0,0,0
hard_cap_5,ssp2-4.5,2030,0.8333333333333336,1.0000163314057584,1.0086800276258872,1.0113994728942768,1.0205175028144966,1.0372916371841814,1.081615745668106,5.0,1,0,0,0
hard_cap_5,ssp2-4.5,2035,0.7121212121212123,1.000073343067229,1.017360055251774,1.0227512302826098,1.0410175868232314,1.0782471703951932,1.1737925309292563,5.0,1,0,0,0
hard_cap_5,ssp2-4.5,2040,0.6145833333333335,1.0001682939971168,1.0261036726954502,1.0342655269157417,1.0621353574531844,1.1237705368889208,1.3037599742460055,5.0,2,0,0,0
hard_cap_5,ssp2-4.5,2045,0.523809523809524,1.0002802760750864,1.0348402147413593,1.0458687672647469,1.088175872566135,1.1616769439421015,1.385167973811277,5.0,5,0,0,0
hard_cap_5,ssp2-4.5,2050,0.43589743589743607,1.0004299176450666,1.0435502684266997,1.057579104127785,1.1109205486043665,1.200799338253728,1.5161965713385266,5.0,7,0,0,1
hard_cap_5,ssp2-4.5,2055,0.36559139784946243,1.0019551864795178,1.0516621097606371,1.0676517472892508,1.137523921549184,1.2375176018331946,1.6515751231382385,5.0,9,0,0,1
hard_cap_5,ssp2-4.5,2060,0.31481481481481494,1.0039627586284046,1.059172987988548,1.0763839500967831,1.1691992215117657,1.2771604384250632,1.8378793317147706,5.0,11,0,0,1
hard_cap_5,ssp2-4.5,2065,0.27642276422764234,1.0058053501526776,1.0663580138238307,1.0844948469284765,1.2278304381773666,1.3845473841106473,2.055017010564577,5.0,14,0,0,1
hard_cap_5,ssp2-4.5,2070,0.24637681159420294,1.0074348565936013,1.0735543006561357,1.0936768972904354,1.3048023923694,1.5349521738101675,2.7672268526156114,5.0,28,0,0,1
hard_cap_5,ssp2-4.5,2075,0.22222222222222224,1.008463697732128,1.081708135701343,1.1034232698222466,1.3594550872710498,1.7678363437710718,4.169511681779072,5.0,47,0,0,1
hard_cap_5,ssp2-4.5,2080,0.20238095238095247,1.0092364175951796,1.0897801507733007,1.1138946953044144,1.4656488154716252,2.080914227107858,5.0,5.0,62,0,0,1
hard_cap_5,ssp2-4.5,2085,0.2,1.0096564152180663,1.0987279828407497,1.1256382062555665,1.5638476534040933,2.2459415675138463,5.0,5.0,70,0,0,1
hard_cap_5,ssp2-4.5,2090,0.2,1.0099974887321337,1.107283467805087,1.1389939452354345,1.6547232870107214,2.581290169593892,5.0,5.0,81,0,0,1
hard_cap_5,ssp2-4.5,2095,0.2,1.0098145846102005,1.1152274839854486,1.1499693423901087,1.7478380315815354,2.8584608694990887,5.0,5.0,90,0,0,1
hard_cap_5,ssp2-4.5,2100,0.2,1.0095357432864263,1.1238036511763476,1.1613232106974467,1.8322849972938835,3.105351232043402,5.0,5.0,98,0,0,1
hard_cap_5,ssp5-8.5,2025,1.0,1.0,1.0,1.0,1.0,1.0,1.0,1.0,0,0,0,0
hard_cap_5,ssp5-8.5,2030,0.49999999999999994,1.0009293946246514,1.0185738170990728,1.0224929357358903,1.031778844272317,1.044471471580815,1.1240533420386105,2.0474722986836658,1,0,0,1
hard_cap_5,ssp5-8.5,2035,0.27272727272727276,1.0025685741033916,1.037186232620467,1.0449941098845796,1.0637981132337018,1.0896377879914896,1.2508238241103373,3.1174489054767993,2,0,0,1
hard_cap_5,ssp5-8.5,2040,0.2,1.0046024318787956,1.0560402091971792,1.0677531898113268,1.0959540652741797,1.1443509272402228,1.402515885953345,4.40378715081812,4,0,0,1
hard_cap_5,ssp5-8.5,2045,0.2,1.0067027506756792,1.0748985952267143,1.0904718295668763,1.1283629061609644,1.2113249243278001,1.6043347901144975,5.0,9,0,0,1
hard_cap_5,ssp5-8.5,2050,0.2,1.0091343903626582,1.0940461246339588,1.1133757062931342,1.1605483414738444,1.2631029151470112,1.7337836124821624,5.0,11,0,0,1
hard_cap_5,ssp5-8.5,2055,0.2,1.015810513988892,1.1131665282239898,1.1350526583456815,1.1927487901666354,1.3464686218313335,2.1933964298026143,5.0,14,0,0,1
hard_cap_5,ssp5-8.5,2060,0.2,1.027911716314023,1.1307438733837245,1.1554984450620545,1.2220701272433447,1.411766775695884,3.0237827708876237,5.0,16,0,0,1
hard_cap_5,ssp5-8.5,2065,0.2,1.033377681750693,1.150306869718571,1.1752921891426387,1.2664185617997852,1.5001506534381082,3.924887986529062,5.0,23,0,0,1
hard_cap_5,ssp5-8.5,2070,0.2,1.0375129088282335,1.1732485669428478,1.204679827890688,1.3236057998792723,1.577576422788817,4.736050568089593,5.0,30,0,0,1
hard_cap_5,ssp5-8.5,2075,0.2,1.0415105882750928,1.1977909003315441,1.2349386186081461,1.4204884706861145,1.7627425012319042,5.0,5.0,39,0,0,1
hard_cap_5,ssp5-8.5,2080,0.2,1.0449743539452843,1.2232624800624237,1.269212176539771,1.5218052159286908,1.9567636343720025,5.0,5.0,54,0,0,1
hard_cap_5,ssp5-8.5,2085,0.2,1.04845738827047,1.2505650064254943,1.3055967227930472,1.6270642603574408,2.1634493790239158,5.0,5.0,69,0,0,2
hard_cap_5,ssp5-8.5,2090,0.2,1.0512386396786484,1.2816756286160347,1.3500974931357383,1.7398298924350566,2.393496383735795,5.0,5.0,81,0,0,2
hard_cap_5,ssp5-8.5,2095,0.2,1.0536752785613956,1.3148434351354903,1.39658940078164,1.8577843422082376,2.590512113598809,5.0,5.0,87,0,0,2
hard_cap_5,ssp5-8.5,2100,0.2,1.0561618392256111,1.347148533789714,1.446725595724955,1.977041900806114,2.7173472054841996,5.0,5.0,108,0,0,2
power_0_5,ssp2-4.5,2025,1.0,1.0,1.0,1.0,1.0,1.0,1.0,1.0,0,0,0,0
power_0_5,ssp2-4.5,2030,0.912870929175277,1.000008165669536,1.0043306366060065,1.005683584878598,1.010206663225587,1.018475137486722,1.0400075424207398,3.3851015987856683,1,0,0,0
power_0_5,ssp2-4.5,2035,0.8438727464026862,1.0000366708612078,1.0086426796690422,1.0113116385531515,1.0203026923436709,1.038386796890951,1.0834107329672387,4.883375987819898,1,0,0,0
power_0_5,ssp2-4.5,2040,0.7839536550927826,1.0000841434584973,1.0129677550121952,1.0169884594865093,1.0305995113879822,1.060080331604082,1.1418213470428198,6.11407875029672,1,1,0,0
power_0_5,ssp2-4.5,2045,0.723746864455746,1.0001401282195532,1.0172709642606845,1.0226772546805925,1.043156686458466,1.0778111335962521,1.176925673853972,7.703353610168983,1,1,0,0
power_0_5,ssp2-4.5,2050,0.6602252917735248,1.0002149357217962,1.0215430820116143,1.0283866510735369,1.054002073967108,1.0958098922739963,1.2313276356964677,9.705850147396252,1,1,0,0
power_0_5,ssp2-4.5,2055,0.604641544925142,1.0009771158577185,1.0255057824106708,1.033272349038603,1.0665476639087679,1.1124376810483896,1.285112032669692,12.01029219387045,2,1,1,0
power_0_5,ssp2-4.5,2060,0.5610836076867822,1.0019794202619146,1.0291613031468643,1.0374892529640198,1.081295152117328,1.1301151919246935,1.355683155683696,14.20961811500377,3,1,1,0
power_0_5,ssp2-4.5,2065,0.5257592264788534,1.0028984744954301,1.0326461222607164,1.0413908232847313,1.1080746676621378,1.1766679158159226,1.4332634560662996,16.05472561225228,6,1,1,0
power_0_5,ssp2-4.5,2070,0.49636358810271625,1.0037105442275682,1.0361246549786605,1.0457900825743283,1.142279459641229,1.2389300970398827,1.6633632817166153,17.503516183845424,9,1,1,1
power_0_5,ssp2-4.5,2075,0.47140452079103173,1.0042229322860252,1.0400519869688418,1.0504395602669145,1.1659567253405103,1.32960006908998,2.041883643607242,18.677876325828336,13,1,1,1
power_0_5,ssp2-4.5,2080,0.44986770542121873,1.0046075938331727,1.0439253568922973,1.0554120973269598,1.2106388574766354,1.4425357058710901,2.2451439463381253,19.78066109068903,25,3,1,1
power_0_5,ssp2-4.5,2085,0.4310363670582519,1.0048166077530412,1.048202262371509,1.0609609824372848,1.250538602708731,1.4986465783020817,2.6364770246474882,21.066467577991627,34,5,1,1
power_0_5,ssp2-4.5,2090,0.41438770700537414,1.0049863127078793,1.0522753763625299,1.0672365927556353,1.2863604695480189,1.6066386617969748,2.9673975770496788,22.68598888824348,40,6,1,1
power_0_5,ssp2-4.5,2095,0.3995302405895453,1.0048953102737124,1.0560433153636974,1.0723662349498642,1.3220574404030863,1.69069663864589,3.2356548228182653,24.222977293155786,45,6,2,1
power_0_5,ssp2-4.5,2100,0.38616422286061647,1.0047565591798073,1.0600960575037717,1.0776470714784951,1.353615751872685,1.7622004053832085,3.4517436594371294,25.48386258668318,50,6,2,1
power_0_5,ssp5-8.5,2025,1.0,1.0,1.0,1.0,1.0,1.0,1.0,1.0,0,0,0,0
power_0_5,ssp5-8.5,2030,0.7071067811865475,1.0004645893906456,1.009244181104447,1.0111839277422958,1.0157651520957183,1.0219938706038683,1.0602137247708072,1.4308991224693883,0,0,0,0
power_0_5,ssp5-8.5,2035,0.5222329678670936,1.0012834634098686,1.0184234053764174,1.0222495340464195,1.031405891178569,1.0438571593922934,1.118402194064104,1.7656298891548021,0,0,0,0
power_0_5,ssp5-8.5,2040,0.4330127018922193,1.002298574184025,1.0276381703476072,1.0333214358612735,1.0468782472022404,1.0697404180667625,1.184272492288201,2.098520228832241,1,0,0,1
power_0_5,ssp5-8.5,2045,0.3779644730092273,1.0033457782211026,1.0367731647774994,1.044256591800569,1.0622442777834769,1.1006020703130788,1.2666206287448873,2.4088692058721395,1,0,0,1
power_0_5,ssp5-8.5,2050,0.33968311024337866,1.004556812899931,1.0459665982400912,1.055166198394954,1.0772874923586824,1.1238780159480497,1.3167241271897738,2.6445285319783873,3,0,0,1
power_0_5,ssp5-8.5,2055,0.3110855084191276,1.0078742550481643,1.0550670727479703,1.0653885011065776,1.0921303906239348,1.1603742655814762,1.4810116604032642,2.832796223062499,3,0,0,1
power_0_5,ssp5-8.5,2060,0.28867513459481287,1.013859810975502,1.0633644118885912,1.0749411353109941,1.1054727982252415,1.1881775445786467,1.738888615758852,3.1878272558820813,7,0,0,1
power_0_5,ssp5-8.5,2065,0.2705008904002297,1.0165518588454638,1.0725235986751422,1.0841089378575555,1.1253525719857673,1.224806369882812,1.9811033939212679,3.8308453274489405,12,0,0,1
power_0_5,ssp5-8.5,2070,0.25537695922762454,1.0185837760279925,1.0831659921698535,1.0975790759090605,1.1504806708335742,1.256015950831507,2.1762307091694266,6.5819047709485385,14,1,0,1
power_0_5,ssp5-8.5,2075,0.24253562503633297,1.0205442606942143,1.0944363390934144,1.1112779210066386,1.1918421794655871,1.3276819552252295,2.3345037715912484,11.40598831900354,15,3,1,1
power_0_5,ssp5-8.5,2080,0.23145502494313785,1.0222398710406888,1.10601197102463,1.1265931724384515,1.2336146947408937,1.3988429217056972,2.600522780160213,17.343775454234194,24,4,1,1
power_0_5,ssp5-8.5,2085,0.22176638128637183,1.023942082478253,1.1182866387565489,1.1426271122395657,1.2755642352013528,1.4708668801165916,3.556159867302477,23.870565934643974,27,4,2,1
power_0_5,ssp5-8.5,2090,0.21320071635561047,1.0252992927140134,1.1321111375245552,1.1619369573982858,1.3190260955972208,1.547089460891992,4.0833558730972195,30.296102208186582,31,7,3,1
power_0_5,ssp5-8.5,2095,0.20555661294825947,1.0264868622757222,1.1466662261502616,1.1817738359438452,1.3630053771424466,1.60949870189329,4.316656032596,35.49270810859867,32,10,3,1
power_0_5,ssp5-8.5,2100,0.19867985355975656,1.0276973478311513,1.1606672794083575,1.2027990670113233,1.4060726800597407,1.648433848679025,4.464939879573217,39.455609422755174,38,11,3,1
symmetric_log,ssp2-4.5,2025,1.0,1.0,1.0,1.0,1.0,1.0,1.0,1.0,0,0,0,0
symmetric_log,ssp2-4.5,2030,0.845793595028118,1.000016331272386,1.0086425727685855,1.011334988499145,1.0203098535726771,1.0366130605797605,1.0784558778893172,3.438767840652249,1,0,0,0
symmetric_log,ssp2-4.5,2035,0.7465432396006628,1.0000733403776352,1.01721109103573,1.022496280724238,1.0401986782358041,1.0753366758296017,1.1602167043275837,4.171673562927931,1,0,0,0
symmetric_log,ssp2-4.5,2040,0.6725805564962944,1.0001682798372697,1.0257687871540024,1.0336915386148344,1.0602813613026063,1.116689177217514,1.2652462752248885,4.621188207418005,1,0,0,0
symmetric_log,ssp2-4.5,2045,0.6073020179073239,1.0002802368049606,1.0342470328807312,1.0448478962204533,1.0845027828333305,1.149864423062896,1.3258013660651007,5.083311535661014,1,1,0,0
symmetric_log,ssp2-4.5,2050,0.5463441023040225,1.0004298252487382,1.0426286192400813,1.0559824320576752,1.1051886765751282,1.1829874198564392,1.4161670994121658,5.545457623383613,3,1,0,0
symmetric_log,ssp2-4.5,2055,0.49844510832584316,1.0019532775728552,1.0503718742774608,1.0654616080425954,1.1288538977575282,1.213107426753397,1.5016546421579546,5.9715279300216,5,1,0,1
symmetric_log,ssp2-4.5,2060,0.4638712265810942,1.0039549275819737,1.0574884034220111,1.0736072288851393,1.1563190618769081,1.2446390630076047,1.6086096385198903,6.307838134727831,7,1,0,1
symmetric_log,ssp2-4.5,2065,0.4374790333991548,1.005788564027566,1.064249117217133,1.0811142995121596,1.2052471615488882,1.325373287752889,1.7195469104665566,6.552006473819491,9,1,0,1
symmetric_log,ssp2-4.5,2070,0.41651166175784726,1.0074073542803625,1.0709749198736034,1.0895453188159077,1.2660515622251296,1.4284935071767313,2.017525189527818,6.724803571075906,13,1,0,1
symmetric_log,ssp2-4.5,2075,0.3993486787937907,1.0084280814589985,1.0785413986522912,1.0984174107449785,1.307083945532035,1.5697563941374724,2.4276928573173095,6.854679478567352,30,1,0,1
symmetric_log,ssp2-4.5,2080,0.3849702302162827,1.0091940227256249,1.085975979339878,1.107862608368905,1.3822947833354675,1.7328025594166256,2.617529242948233,6.969409495628943,39,1,0,1
symmetric_log,ssp2-4.5,2085,0.37269965650525483,1.009610090021971,1.0941531314462851,1.1183501692528393,1.4471481333628464,1.8091248389694479,2.938864057754908,7.095365124056514,52,2,0,1
symmetric_log,ssp2-4.5,2090,0.3620687368668023,1.0099478444423797,1.1019096892327207,1.1301453680311397,1.503633761138878,1.9482874959563137,3.1753706270144866,7.2434950086599095,56,3,0,1
symmetric_log,ssp2-4.5,2095,0.35274219155928566,1.009766734406313,1.1090584055045654,1.139735282307592,1.5583771458283353,2.0502793034670486,3.348462470327388,7.374603315240466,62,4,0,1
symmetric_log,ssp2-4.5,2100,0.3444730041864768,1.0094905649228156,1.1167190485728082,1.1495600538389001,1.6055535588755667,2.1331262068431105,3.4777586919622245,7.4760908241977555,66,5,0,1
symmetric_log,ssp5-8.5,2025,1.0,1.0,1.0,1.0,1.0,1.0,1.0,1.0,0,0,0,0
symmetric_log,ssp5-8.5,2030,0.5906161091496412,1.0009289630047595,1.018403430334634,1.0222437000725995,1.031284345791649,1.0435109885949818,1.1169408522576136,1.716606007317138,0,0,0,0
symmetric_log,ssp5-8.5,2035,0.4349181927157459,1.0025652809442223,1.0365115009889265,1.0440112488761657,1.0618456280678745,1.0858453019569705,1.22380182394949,2.1370150088553217,1,0,0,1
symmetric_log,ssp5-8.5,2040,0.3739748740658438,1.0045918729399392,1.0545262613712654,1.0655566181472744,1.0916252749250843,1.1348264807867197,1.3382470092002634,2.4824648868155563,2,0,0,1
symmetric_log,ssp5-8.5,2045,0.3394536660667256,1.0066803871151988,1.0722263270640235,1.086610473653713,1.1207678258075016,1.1917147275342592,1.4727005367337667,2.758314856415611,3,0,0,1
symmetric_log,ssp5-8.5,2050,0.3165073540735841,1.009092924102532,1.0898828645680014,1.1073965770370222,1.1488926011091498,1.233569550967565,1.550281733708206,2.9449856012852464,7,0,0,1
symmetric_log,ssp5-8.5,2055,0.2998163700451765,1.0156868297831962,1.1072086817392304,1.1266790447774713,1.1762605510200548,1.2974850538173146,1.7854504112663714,3.0825285770538624,9,0,0,1
symmetric_log,ssp5-8.5,2060,0.28695173228265203,1.0275292842678567,1.1228757095589001,1.144531803873163,1.2005462142493637,1.3448406800714867,2.1064762513707738,3.318679147453038,13,0,0,1
symmetric_log,ssp5-8.5,2065,0.2766282507694299,1.032832739670091,1.1400287500063016,1.1615167882932156,1.2361926488697805,1.4055655257149533,2.367278376322071,3.686170981933754,15,0,0,1
symmetric_log,ssp5-8.5,2070,0.2680944226154261,1.0368264152107627,1.1597764536535118,1.186213828613321,1.2803596397890151,1.4558893109598614,2.5551739405387806,4.768648364627723,18,0,0,1
symmetric_log,ssp5-8.5,2075,0.26087773109487916,1.040672147578603,1.1804789438289243,1.2110212658694173,1.35099983426527,1.5668672885857484,2.695573185736247,5.868277017248031,24,1,0,1
symmetric_log,ssp5-8.5,2080,0.2546642131315358,1.0439923434364686,1.2015214534952814,1.2383963739917103,1.4198972711130904,1.6712897404687639,2.910278942366964,6.706467357154304,31,2,0,1
symmetric_log,ssp5-8.5,2085,0.2492359935117355,1.0473199298752647,1.2235954543245386,1.266660187191964,1.486777148830234,1.7717038826849743,3.5373329765321695,7.345292298207569,38,3,0,1
symmetric_log,ssp5-8.5,2090,0.24443647588626344,1.0499691256840276,1.248168305265006,1.3001768067318853,1.5537872861953845,1.8727463786726144,3.813830609756448,7.822038128493295,48,4,0,1
symmetric_log,ssp5-8.5,2095,0.24014980035198574,1.0522843175353758,1.2737175963754026,1.3340331200084592,1.6193838271878342,1.9518354892903247,3.9245631921244883,8.138654539982413,54,4,0,1
symmetric_log,ssp5-8.5,2100,0.23628813727283,1.0546414294627482,1.2979901609768072,1.369302792818504,1.6816002007955568,1.9996465097480374,3.9918832258214634,8.350352455749249,60,4,0,1
baseline_floor_1e-4,ssp2-4.5,2025,1.0,1.0,1.0,1.0,1.0,1.0,1.0,1.0,0,0,0,0
baseline_floor_1e-4,ssp2-4.5,2030,0.9700568180987236,1.0000001688971616,1.0064949802926733,1.0093599587207591,1.019856248465318,1.0367327392737784,1.077905274082242,1.3166182808272289,0,0,0,0
baseline_floor_1e-4,ssp2-4.5,2035,0.9442699469504887,1.0000015443399923,1.01290897223723,1.0187264120830133,1.0404445845000991,1.0779724597965719,1.1544634526949393,1.6346303034849847,0,0,0,0
baseline_floor_1e-4,ssp2-4.5,2040,0.9206842986610622,1.000002779774802,1.019484940878018,1.0281452101106572,1.0615683697493437,1.1170135479775052,1.2410558215906924,1.9543339876173085,0,0,0,0
baseline_floor_1e-4,ssp2-4.5,2045,0.8977948942712406,1.0000052280265805,1.0259655422502836,1.037762001230008,1.084132334193116,1.1602197615417817,1.344972242118555,2.2825566827530475,2,0,0,0
baseline_floor_1e-4,ssp2-4.5,2050,0.8752979063472568,1.0000084339302995,1.032523845484587,1.047278215199376,1.1067449934131817,1.1983979171979449,1.455759832579096,2.636756240670411,4,0,0,0
baseline_floor_1e-4,ssp2-4.5,2055,0.8544037490640749,1.0000718762630734,1.0387596981936036,1.0562756511091784,1.1343003048194247,1.2361976293279566,1.5825539913388438,2.931859127987188,5,0,0,0
baseline_floor_1e-4,ssp2-4.5,2060,0.8352467890926144,1.000118308564058,1.0450214002098794,1.0647186967204274,1.162349919883296,1.270356024796419,1.706970099223215,3.7803977132920394,7,0,0,0
baseline_floor_1e-4,ssp2-4.5,2065,0.8172096805932172,1.0001831462242243,1.0509502062132605,1.0729357775208763,1.21343087949739,1.3793377578259316,1.9591486806209233,6.674529545556673,12,1,0,0
baseline_floor_1e-4,ssp2-4.5,2070,0.7999336021903098,1.0002534655550144,1.05763865143905,1.0829701840788775,1.2929582237199646,1.516853456284561,2.2638237108515256,11.470398888049367,25,4,1,0
baseline_floor_1e-4,ssp2-4.5,2075,0.7832002225760348,1.0003277086351434,1.0643950937290005,1.0933593047594543,1.35683922444667,1.6945747939183031,3.3080897905405506,18.453728039831077,43,5,3,0
baseline_floor_1e-4,ssp2-4.5,2080,0.7668698087055263,1.0003747832830232,1.0719901164955379,1.1040910540447872,1.4354569415198122,1.8996350208274708,4.594740099318603,27.047119690290998,58,11,3,0
baseline_floor_1e-4,ssp2-4.5,2085,0.750848280886837,1.000402111633437,1.0797287306083616,1.1155328077505533,1.550034305093877,2.220250181840564,6.211947926555218,35.998552910329586,66,23,6,0
baseline_floor_1e-4,ssp2-4.5,2090,0.7350701025507063,1.000401633678707,1.0873493323709682,1.1278651741091905,1.6449030030138616,2.3518540246043926,7.768246801954412,44.75992952901105,77,29,7,0
baseline_floor_1e-4,ssp2-4.5,2095,0.7194881620716433,1.0004085727300942,1.0943566023475655,1.1384755271061884,1.7340644783861394,2.5587784018515976,9.318716735788165,53.64295412225053,86,34,10,0
baseline_floor_1e-4,ssp2-4.5,2100,0.704068444170608,1.000420368742292,1.1003941900513654,1.1478595899880424,1.8148874876311436,2.735416991329778,10.663801447098493,61.35715969006375,94,36,15,0
baseline_floor_1e-4,ssp5-8.5,2025,1.0,1.0,1.0,1.0,1.0,1.0,1.0,1.0,0,0,0,0
baseline_floor_1e-4,ssp5-8.5,2030,0.9596374682864468,1.0000129434669003,1.012111871203656,1.0200524987833728,1.0315164331201894,1.040308208562367,1.1021787980628641,2.047472298683666,1,0,0,0
baseline_floor_1e-4,ssp5-8.5,2035,0.9216094920289059,1.0000669435757725,1.0244059915277273,1.040198125006858,1.0631169121229391,1.0853937584443325,1.2370777001998514,3.1174489054767998,2,0,0,0
baseline_floor_1e-4,ssp5-8.5,2040,0.8849605639705427,1.0001227046677175,1.0369031525734276,1.0607626605237384,1.0951851206987946,1.128058540684164,1.3327918396687546,4.40378715081812,2,0,0,0
baseline_floor_1e-4,ssp5-8.5,2045,0.8490068696333497,1.0001913703566379,1.0497901624843808,1.081607068418772,1.12759112594359,1.1845873599740766,1.4183510694260215,5.802650850999072,6,1,0,0
baseline_floor_1e-4,ssp5-8.5,2050,0.8135308924159793,1.0002601720026074,1.0628261185795518,1.1023027432691914,1.1597095818998657,1.2401710935463788,1.585198988318838,6.993531156447763,7,1,0,0
baseline_floor_1e-4,ssp5-8.5,2055,0.7794844287800047,1.0018105099991657,1.0762541154098624,1.1222118034391975,1.1888972058116285,1.31456518508024,1.7618860518821549,8.024734441397158,9,1,0,0
baseline_floor_1e-4,ssp5-8.5,2060,0.7469759555004372,1.0028350225691387,1.0906194653063466,1.14107651230955,1.2193133083760843,1.3874284826556593,1.9866706316353238,9.244048479110079,11,3,0,0
baseline_floor_1e-4,ssp5-8.5,2065,0.7155124648195269,1.0036871597209889,1.113182407224045,1.1632324114212147,1.2520213087284597,1.4589472147238154,2.266861613210786,10.920402732226567,18,4,1,0
baseline_floor_1e-4,ssp5-8.5,2070,0.6848781219520829,1.0048289348293271,1.1359070619762748,1.1913082580017862,1.308392889548726,1.5469859393209169,2.68112205744952,13.310173948469908,24,6,2,0
baseline_floor_1e-4,ssp5-8.5,2075,0.6549215404849382,1.0056623550565145,1.160889116851405,1.2211351268102453,1.404506126872164,1.7038946460305553,3.3096289291735914,16.66591261779002,31,8,2,0
baseline_floor_1e-4,ssp5-8.5,2080,0.6255290165866378,1.0066763056105545,1.1895841035358505,1.2502404238015792,1.50600550338373,1.8949017978545224,4.440052904415385,20.70724214913694,49,11,4,0
baseline_floor_1e-4,ssp5-8.5,2085,0.5966510640985271,1.0078918700037178,1.2188394517960854,1.2782868253285613,1.6131154652527742,2.0708779751439055,6.253414364523657,24.884431893764276,63,15,7,0
baseline_floor_1e-4,ssp5-8.5,2090,0.5682515148833647,1.0087806239347823,1.2465482036500544,1.3080949798241992,1.734021394767197,2.2372479276519313,7.752945957653032,28.759265986653883,73,20,9,0
baseline_floor_1e-4,ssp5-8.5,2095,0.5402939099648351,1.0095982639242431,1.2720253265450534,1.3440522326124673,1.841127131664881,2.436715746478419,9.886855210166269,32.15005158409667,83,24,12,0
baseline_floor_1e-4,ssp5-8.5,2100,0.5127296662063627,1.0104673203714691,1.2970563784646563,1.3842013017908925,1.953447704295292,2.5994069646153832,11.31425030303651,35.094681181875934,104,27,13,0
soft_log_t1_5_c5,ssp2-4.5,2025,1.0,1.0,1.0,1.0,1.0,1.0,1.0,1.0,0,0,0,0
soft_log_t1_5_c5,ssp2-4.5,2030,0.8333333333333335,1.0000163314057584,1.0086800276258872,1.0113994728942768,1.0205175028144966,1.0372916371841814,1.081615745668106,4.6180520915778995,1,0,0,0
soft_log_t1_5_c5,ssp2-4.5,2035,0.7121212121212123,1.000073343067229,1.017360055251774,1.0227512302826098,1.0410175868232314,1.0782471703951932,1.1737925309292563,4.881042403743681,1,0,0,0
soft_log_t1_5_c5,ssp2-4.5,2040,0.6146592721037034,1.0001682939971168,1.0261036726954502,1.0342655269157417,1.0621353574531844,1.1237705368889208,1.3037599742460055,4.942968273783974,2,0,0,0
soft_log_t1_5_c5,ssp2-4.5,2045,0.5254749366874802,1.0002802760750864,1.0348402147413593,1.0458687672647469,1.088175872566135,1.1616769439421015,1.385167973811277,4.973382660419387,5,0,0,0
soft_log_t1_5_c5,ssp2-4.5,2050,0.4432831251314435,1.0004299176450666,1.0435502684266997,1.057579104127785,1.1109205486043665,1.200799338253728,1.5161945058724617,4.987615105240363,7,0,0,1
soft_log_t1_5_c5,ssp2-4.5,2055,0.38255319883376365,1.0019551864795178,1.0516621097606371,1.0676517472892508,1.137523921549184,1.2375176018331946,1.651217485039737,4.99389044045507,9,0,0,1
soft_log_t1_5_c5,ssp2-4.5,2060,0.34243312362966755,1.0039627586284046,1.059172987988548,1.0763839500967831,1.1691992215117657,1.2771604384250632,1.834377850800971,4.996503836768121,11,0,0,1
soft_log_t1_5_c5,ssp2-4.5,2065,0.31458199792752384,1.0058053501526776,1.0663580138238307,1.0844948469284765,1.2278304381773666,1.3845473841106473,2.039913825112827,4.997669051707654,14,0,0,1
soft_log_t1_5_c5,ssp2-4.5,2070,0.29444663532142507,1.0074348565936013,1.0735543006561357,1.0936768972904354,1.3048023923694,1.5349475707984523,2.6372129521582863,4.998250488142519,27,0,0,1
soft_log_t1_5_c5,ssp2-4.5,2075,0.2793961442625608,1.008463697732128,1.081708135701343,1.1034232698222466,1.3594550872710498,1.7660478444010514,3.444774261326099,4.99858991021071,45,0,0,1
soft_log_t1_5_c5,ssp2-4.5,2080,0.2678317575451366,1.0092364175951796,1.0897801507733007,1.1138946953044144,1.4656488154716252,2.0646707096047936,3.765111352050758,4.998834543974028,62,0,0,1
soft_log_t1_5_c5,ssp2-4.5,2085,0.25873854253959433,1.0096564152180663,1.0987279828407497,1.1256382062555665,1.5638215203233652,2.2136670470490665,4.197866413368565,4.999054537085513,70,0,0,1
soft_log_t1_5_c5,ssp2-4.5,2090,0.25144749312088005,1.0099974887321337,1.107283467805087,1.1389939452354345,1.654364283031422,2.4949541985601313,4.430641460539386,4.999260744255286,80,0,0,1
soft_log_t1_5_c5,ssp2-4.5,2095,0.2455030753536889,1.0098145846102005,1.1152274839854486,1.1499693423901087,1.746409756767494,2.7046291016454393,4.561274804845987,4.999405406718614,88,0,0,1
soft_log_t1_5_c5,ssp2-4.5,2100,0.24058625996736588,1.0095357432864263,1.1238036511763476,1.1613232106974467,1.8289437272118212,2.8742867218827666,4.640407679786577,4.999497645127026,98,0,0,1
soft_log_t1_5_c5,ssp5-8.5,2025,1.0,1.0,1.0,1.0,1.0,1.0,1.0,1.0,0,0,0,0
soft_log_t1_5_c5,ssp5-8.5,2030,0.5026835677117609,1.0009293946246514,1.0185738170990728,1.0224929357358903,1.031778844272317,1.044471471580815,1.1240533420386105,2.033705763520822,1,0,0,0
soft_log_t1_5_c5,ssp5-8.5,2035,0.3120240602134122,1.0025685741033916,1.037186232620467,1.0449941098845796,1.0637981132337018,1.0896377879914896,1.2508238241103373,2.882200236112218,2,0,0,1
soft_log_t1_5_c5,ssp5-8.5,2040,0.25964987089968733,1.0046024318787956,1.0560402091971792,1.0677531898113268,1.0959540652741797,1.1443509272402228,1.402515885953345,3.5418665979612967,4,0,0,1
soft_log_t1_5_c5,ssp5-8.5,2045,0.23776344720650278,1.0067027506756792,1.0748985952267143,1.0904718295668763,1.1283629061609644,1.2113249243278001,1.6042213296805214,3.9720492500862066,9,0,0,1
soft_log_t1_5_c5,ssp5-8.5,2050,0.22639410398455123,1.0091343903626582,1.0940461246339588,1.1133757062931342,1.1605483414738444,1.2631029151470112,1.732570114006647,4.204823428362151,11,0,0,1
soft_log_t1_5_c5,ssp5-8.5,2055,0.2196626319696415,1.015810513988892,1.1131665282239898,1.1350526583456815,1.1927487901666354,1.3464686218313335,2.166942565646484,4.34730421006406,14,0,0,1
soft_log_t1_5_c5,ssp5-8.5,2060,0.21531432895362254,1.027911716314023,1.1307438733837245,1.1554984450620545,1.2220701272433447,1.411766775695884,2.819900167585574,4.540924667656244,16,0,0,1
soft_log_t1_5_c5,ssp5-8.5,2065,0.21232528213388097,1.033377681750693,1.150306869718571,1.1752921891426387,1.2664185617997852,1.5001506534342504,3.3339754017716663,4.740582534415078,23,0,0,1
soft_log_t1_5_c5,ssp5-8.5,2070,0.21017253999561786,1.0375129088282335,1.1732485669428478,1.204679827890688,1.3236057998792723,1.577529893567396,3.664934068741558,4.955257367722401,29,0,0,1
soft_log_t1_5_c5,ssp5-8.5,2075,0.20856485951171488,1.0415105882750928,1.1977909003315441,1.2349386186081461,1.4204884706861145,1.7610495288655272,3.88310815236646,4.992748833056006,39,0,0,1
soft_log_t1_5_c5,ssp5-8.5,2080,0.20732888314202932,1.0449743539452843,1.2232624800624237,1.269212176539771,1.5218041639964877,1.9484887622616403,4.162268535476583,4.998196396839592,54,0,0,1
soft_log_t1_5_c5,ssp5-8.5,2085,0.20635583006817423,1.04845738827047,1.2505650064254943,1.3055967227930472,1.626863457328308,2.1400100944927067,4.672188133225211,4.99937574266636,69,0,0,2
soft_log_t1_5_c5,ssp5-8.5,2090,0.2055744470204978,1.0512386396786484,1.2816756286160347,1.3500974931357383,1.7385327485574715,2.34109300465213,4.7882073923235415,4.999717219575935,80,0,0,2
soft_log_t1_5_c5,ssp5-8.5,2095,0.20493636967809567,1.0536752785613956,1.3148434351354903,1.39658940078164,1.853658574577015,2.502230985686659,4.8223107054522005,4.999832875487297,86,0,0,2
soft_log_t1_5_c5,ssp5-8.5,2100,0.20440776891387027,1.0561618392256111,1.347148533789714,1.446725595724955,1.9676874260539603,2.6004519263471693,4.840397241198682,4.999882424276713,105,0,0,2
soft_log_t2_c3,ssp2-4.5,2025,1.0,1.0,1.0,1.0,1.0,1.0,1.0,1.0,0,0,0,0
soft_log_t2_c3,ssp2-4.5,2030,0.8333333333333335,1.0000163314057584,1.0086800276258872,1.0113994728942768,1.0205175028144966,1.0372916371841814,1.081615745668106,2.999556883380513,1,0,0,0
soft_log_t2_c3,ssp2-4.5,2035,0.7121212121212123,1.000073343067229,1.017360055251774,1.0227512302826098,1.0410175868232314,1.0782471703951932,1.1737925309292563,2.9999880713116664,1,0,0,0
soft_log_t2_c3,ssp2-4.5,2040,0.6145833333333335,1.0001682939971168,1.0261036726954502,1.0342655269157417,1.0621353574531844,1.1237705368889208,1.3037599742460055,2.9999987008978453,2,0,0,0
soft_log_t2_c3,ssp2-4.5,2045,0.523809523809524,1.0002802760750864,1.0348402147413593,1.0458687672647469,1.088175872566135,1.1616769439421015,1.385167973811277,2.9999998670521966,5,0,0,0
soft_log_t2_c3,ssp2-4.5,2050,0.4380855925284321,1.0004299176450666,1.0435502684266997,1.057579104127785,1.1109205486043665,1.200799338253728,1.5161965713385266,2.9999999863958937,7,0,0,1
soft_log_t2_c3,ssp2-4.5,2055,0.3844399783046514,1.0019551864795178,1.0516621097606371,1.0676517472892508,1.137523921549184,1.2375176018331946,1.6515751231382385,2.9999999983368153,9,0,0,1
soft_log_t2_c3,ssp2-4.5,2060,0.3593364977368676,1.0039627586284046,1.059172987988548,1.0763839500967831,1.1691992215117657,1.2771604384250632,1.8378793317147706,2.9999999996834115,11,0,0,1
soft_log_t2_c3,ssp2-4.5,2065,0.34741013021112094,1.0058053501526776,1.0663580138238307,1.0844948469284765,1.2278304381773666,1.3845473841106473,2.0536565391896233,2.999999999905063,14,0,0,1
soft_log_t2_c3,ssp2-4.5,2070,0.34142257921188945,1.0074348565936013,1.0735543006561357,1.0936768972904354,1.3048023923694,1.5349521738101675,2.6167205594633223,2.9999999999595173,28,0,0,1
soft_log_t2_c3,ssp2-4.5,2075,0.3382308164911576,1.008463697732128,1.081708135701343,1.1034232698222466,1.3594550872710498,1.7678363437710718,2.9372710975650986,2.9999999999786673,47,0,0,1
soft_log_t2_c3,ssp2-4.5,2080,0.33643330696899687,1.0092364175951796,1.0897801507733007,1.1138946953044144,1.4656488154716252,2.080647151727925,2.974896097672334,2.9999999999878866,62,0,0,1
soft_log_t2_c3,ssp2-4.5,2085,0.33537119243094826,1.0096564152180663,1.0987279828407497,1.1256382062555665,1.5638476534040933,2.239073280488978,2.9947919567006207,2.9999999999934923,70,0,0,1
soft_log_t2_c3,ssp2-4.5,2090,0.3347170188908577,1.0099974887321337,1.107283467805087,1.1389939452354345,1.6547232870107214,2.507300661667516,2.9983764225506953,2.999999999996866,81,0,0,1
soft_log_t2_c3,ssp2-4.5,2095,0.33429939077557314,1.0098145846102005,1.1152274839854486,1.1499693423901087,1.7478380315815354,2.6637401387502626,2.9993083092382595,2.999999999998358,90,0,0,1
soft_log_t2_c3,ssp2-4.5,2100,0.33402433948204135,1.0095357432864263,1.1238036511763476,1.1613232106974467,1.8322849972938835,2.760820510589079,2.999634389974815,2.9999999999990052,98,0,0,1
soft_log_t2_c3,ssp5-8.5,2025,1.0,1.0,1.0,1.0,1.0,1.0,1.0,1.0,0,0,0,0
soft_log_t2_c3,ssp5-8.5,2030,0.4999999999999999,1.0009293946246514,1.0185738170990728,1.0224929357358903,1.031778844272317,1.044471471580815,1.1240533420386105,2.047418777970605,1,0,0,1
soft_log_t2_c3,ssp5-8.5,2035,0.346532418835188,1.0025685741033916,1.037186232620467,1.0449941098845796,1.0637981132337018,1.0896377879914896,1.2508238241103373,2.764744663382937,2,0,0,1
soft_log_t2_c3,ssp5-8.5,2040,0.3354648248842267,1.0046024318787956,1.0560402091971792,1.0677531898113268,1.0959540652741797,1.1443509272402228,1.402515885953345,2.9518104028050045,4,0,0,1
soft_log_t2_c3,ssp5-8.5,2045,0.3338926448138043,1.0067027506756792,1.0748985952267143,1.0904718295668763,1.1283629061609644,1.2113249243278001,1.6043347901144975,2.9873782585771345,9,0,0,1
soft_log_t2_c3,ssp5-8.5,2050,0.3335285345988964,1.0091343903626582,1.0940461246339588,1.1133757062931342,1.1605483414738444,1.2631029151470112,1.7337836124821624,2.99495172572789,11,0,0,1
soft_log_t2_c3,ssp5-8.5,2055,0.3334153301746096,1.015810513988892,1.1131665282239898,1.1350526583456815,1.1927487901666354,1.3464686218313335,2.1899706905725838,2.997434793785468,14,0,0,1
soft_log_t2_c3,ssp5-8.5,2060,0.3333725535976721,1.027911716314023,1.1307438733837245,1.1554984450620545,1.2220701272433447,1.411766775695884,2.73233759843601,2.9991989075031262,16,0,0,1
soft_log_t2_c3,ssp5-8.5,2065,0.33335398370766783,1.033377681750693,1.150306869718571,1.1752921891426387,1.2664185617997852,1.5001506534381082,2.9166235271572565,2.999869199795946,23,0,0,1
soft_log_t2_c3,ssp5-8.5,2070,0.33334504003355053,1.0375129088282335,1.1732485669428478,1.204679827890688,1.3236057998792723,1.577576422788817,2.9660264213906014,2.9999993722976743,30,0,0,1
soft_log_t2_c3,ssp5-8.5,2075,0.33334037049093285,1.0415105882750928,1.1977909003315441,1.2349386186081461,1.4204884706861145,1.7627425012319042,2.9828260136765508,2.9999999972322615,39,0,0,1
soft_log_t2_c3,ssp5-8.5,2080,0.33333776990875374,1.0449743539452843,1.2232624800624237,1.269212176539771,1.5218052159286908,1.9567636343720025,2.993780292884744,2.9999999999556852,54,0,0,1
soft_log_t2_c3,ssp5-8.5,2085,0.33333624300099957,1.04845738827047,1.2505650064254943,1.3055967227930472,1.6270642603574408,2.161355330486088,2.999727102146204,2.9999999999981033,69,0,0,2
soft_log_t2_c3,ssp5-8.5,2090,0.33333530611750006,1.0512386396786484,1.2816756286160347,1.3500974931357383,1.7398298924350566,2.367525963373848,2.9999302878008662,2.9999999999998197,81,0,0,2
soft_log_t2_c3,ssp5-8.5,2095,0.33333470941880466,1.0536752785613956,1.3148434351354903,1.39658940078164,1.8577843422082376,2.5133429451454274,2.9999590123638766,2.9999999999999623,87,0,0,2
soft_log_t2_c3,ssp5-8.5,2100,0.3333343170304205,1.0561618392256111,1.347148533789714,1.446725595724955,1.977041900806114,2.591119693869782,2.9999703699326714,2.999999999999987,108,0,0,2
soft_log_t2_c5,ssp2-4.5,2025,1.0,1.0,1.0,1.0,1.0,1.0,1.0,1.0,0,0,0,0
soft_log_t2_c5,ssp2-4.5,2030,0.8333333333333335,1.0000163314057584,1.0086800276258872,1.0113994728942768,1.0205175028144966,1.0372916371841814,1.081615745668106,4.805381376900876,1,0,0,0
soft_log_t2_c5,ssp2-4.5,2035,0.7121212121212123,1.000073343067229,1.017360055251774,1.0227512302826098,1.0410175868232314,1.0782471703951932,1.1737925309292563,4.9593715935935,1,0,0,0
soft_log_t2_c5,ssp2-4.5,2040,0.6145833333333335,1.0001682939971168,1.0261036726954502,1.0342655269157417,1.0621353574531844,1.1237705368889208,1.3037599742460055,4.984688006726262,2,0,0,0
soft_log_t2_c5,ssp2-4.5,2045,0.523809523809524,1.0002802760750864,1.0348402147413593,1.0458687672647469,1.088175872566135,1.1616769439421015,1.385167973811277,4.9944043427257565,5,0,0,0
soft_log_t2_c5,ssp2-4.5,2050,0.43634064947594625,1.0004299176450666,1.0435502684266997,1.057579104127785,1.1109205486043665,1.200799338253728,1.5161965713385266,4.997957851925482,7,0,0,1
soft_log_t2_c5,ssp2-4.5,2055,0.36987235784588535,1.0019551864795178,1.0516621097606371,1.0676517472892508,1.137523921549184,1.2375176018331946,1.6515751231382385,4.999194045901406,9,0,0,1
soft_log_t2_c5,ssp2-4.5,2060,0.3262488907267478,1.0039627586284046,1.059172987988548,1.0763839500967831,1.1691992215117657,1.2771604384250632,1.8378793317147706,4.999613146648716,11,0,0,1
soft_log_t2_c5,ssp2-4.5,2065,0.29671032538275594,1.0058053501526776,1.0663580138238307,1.0844948469284765,1.2278304381773666,1.3845473841106473,2.054736651425996,4.999772959226791,14,0,0,1
soft_log_t2_c5,ssp2-4.5,2070,0.2760423062078273,1.0074348565936013,1.0735543006561357,1.0936768972904354,1.3048023923694,1.5349521738101675,2.7309223311365596,4.999844292692726,28,0,0,1
soft_log_t2_c5,ssp2-4.5,2075,0.26113280638749203,1.008463697732128,1.081708135701343,1.1034232698222466,1.3594550872710498,1.7678363437710718,3.6780756863206845,4.999882727044291,47,0,0,1
soft_log_t2_c5,ssp2-4.5,2080,0.25008120699151903,1.0092364175951796,1.0897801507733007,1.1138946953044144,1.4656488154716252,2.0808617595956376,4.0323680144590295,4.999908705835726,62,0,0,1
soft_log_t2_c5,ssp2-4.5,2085,0.24169209815629544,1.0096564152180663,1.0987279828407497,1.1256382062555665,1.5638476534040933,2.244559828052596,4.4640595865714,4.999930649980571,70,0,0,1
soft_log_t2_c5,ssp2-4.5,2090,0.2351906495963448,1.0099974887321337,1.107283467805087,1.1389939452354345,1.6547232870107214,2.564830355188227,4.664854429536318,4.999949808516589,81,0,0,1
soft_log_t2_c5,ssp2-4.5,2095,0.23006010117968811,1.0098145846102005,1.1152274839854486,1.1499693423901087,1.7478380315815354,2.8101293811145025,4.765075464608195,4.999962299395748,90,0,0,1
soft_log_t2_c5,ssp2-4.5,2100,0.22594665778809989,1.0095357432864263,1.1238036511763476,1.1613232106974467,1.8322849972938835,3.0106731347915523,4.82065971813261,4.999969790406193,98,0,0,1
soft_log_t2_c5,ssp5-8.5,2025,1.0,1.0,1.0,1.0,1.0,1.0,1.0,1.0,0,0,0,0
soft_log_t2_c5,ssp5-8.5,2030,0.4999999999999999,1.0009293946246514,1.0185738170990728,1.0224929357358903,1.031778844272317,1.044471471580815,1.1240533420386105,2.0474618072679975,1,0,0,1
soft_log_t2_c5,ssp5-8.5,2035,0.29404678127328804,1.0025685741033916,1.037186232620467,1.0449941098845796,1.0637981132337018,1.0896377879914896,1.2508238241103373,3.0200451883747137,2,0,0,1
soft_log_t2_c5,ssp5-8.5,2040,0.24251950473463008,1.0046024318787956,1.0560402091971792,1.0677531898113268,1.0959540652741797,1.1443509272402228,1.402515885953345,3.7878353641456224,4,0,0,1
soft_log_t2_c5,ssp5-8.5,2045,0.22364374803527778,1.0067027506756792,1.0748985952267143,1.0904718295668763,1.1283629061609644,1.2113249243278001,1.6043347901144975,4.246931949330739,9,0,0,1
soft_log_t2_c5,ssp5-8.5,2050,0.21487378889665826,1.0091343903626582,1.0940461246339588,1.1133757062931342,1.1605483414738444,1.2631029151470112,1.7337836124821624,4.470449562184593,11,0,0,1
soft_log_t2_c5,ssp5-8.5,2055,0.2101452048252099,1.015810513988892,1.1131665282239898,1.1350526583456815,1.1927487901666354,1.3464686218313335,2.1927140496914874,4.596004441724719,14,0,0,1
soft_log_t2_c5,ssp5-8.5,2060,0.20732549856784194,1.027911716314023,1.1307438733837245,1.1554984450620545,1.2220701272433447,1.411766775695884,2.9462884000975227,4.750127441979095,16,0,0,1
soft_log_t2_c5,ssp5-8.5,2065,0.20551765726107074,1.033377681750693,1.150306869718571,1.1752921891426387,1.2664185617997852,1.5001506534381082,3.550974613163885,4.884618180348582,23,0,0,1
soft_log_t2_c5,ssp5-8.5,2070,0.20429346680969168,1.0375129088282335,1.1732485669428478,1.204679827890688,1.3236057998792723,1.577576422788817,3.9240983928815507,4.988892115392126,30,0,0,1
soft_log_t2_c5,ssp5-8.5,2075,0.2034283682000803,1.0415105882750928,1.1977909003315441,1.2349386186081461,1.4204884706861145,1.7627425012319042,4.15631488672456,4.9989903577615555,39,0,0,1
soft_log_t2_c5,ssp5-8.5,2080,0.2027957391827283,1.0449743539452843,1.2232624800624237,1.269212176539771,1.5218052159286908,1.9567636343720025,4.430142632444086,4.999837934693846,54,0,0,1
soft_log_t2_c5,ssp5-8.5,2085,0.20231993671960086,1.04845738827047,1.2505650064254943,1.3055967227930472,1.6270642603574408,2.163034241482274,4.841761330935878,4.999959808595712,69,0,0,2
soft_log_t2_c5,ssp5-8.5,2090,0.2019535940624769,1.0512386396786484,1.2816756286160347,1.3500974931357383,1.7398298924350566,2.3880706292064784,4.912154834510664,4.9999858025963855,81,0,0,2
soft_log_t2_c5,ssp5-8.5,2095,0.2016658670639259,1.0536752785613956,1.3148434351354903,1.39658940078164,1.8577843422082376,2.5732785259273685,4.9305206547405565,4.999992886618549,87,0,0,2
soft_log_t2_c5,ssp5-8.5,2100,0.2014359957947593,1.0561618392256111,1.347148533789714,1.446725595724955,1.977041900806114,2.687754713622343,4.939790207584374,4.999995518748284,108,0,0,2
soft_log_t2_c10,ssp2-4.5,2025,1.0,1.0,1.0,1.0,1.0,1.0,1.0,1.0,0,0,0,0
soft_log_t2_c10,ssp2-4.5,2030,0.8333333333333335,1.0000163314057584,1.0086800276258872,1.0113994728942768,1.0205175028144966,1.0372916371841814,1.081615745668106,7.188598804968966,1,1,0,0
soft_log_t2_c10,ssp2-4.5,2035,0.7121212121212123,1.000073343067229,1.017360055251774,1.0227512302826098,1.0410175868232314,1.0782471703951932,1.1737925309292563,8.681088627314336,1,1,0,0
soft_log_t2_c10,ssp2-4.5,2040,0.6145833333333335,1.0001682939971168,1.0261036726954502,1.0342655269157417,1.0621353574531844,1.1237705368889208,1.3037599742460055,9.20853133176734,2,1,0,0
soft_log_t2_c10,ssp2-4.5,2045,0.523809523809524,1.0002802760750864,1.0348402147413593,1.0458687672647469,1.088175872566135,1.1616769439421015,1.385167973811277,9.5412822085546,5,1,0,0
soft_log_t2_c10,ssp2-4.5,2050,0.4360419129873732,1.0004299176450666,1.0435502684266997,1.057579104127785,1.1109205486043665,1.200799338253728,1.5161965713385266,9.737396663636874,7,1,0,1
soft_log_t2_c10,ssp2-4.5,2055,0.3670165547784118,1.0019551864795178,1.0516621097606371,1.0676517472892508,1.137523921549184,1.2375176018331946,1.6515751231382385,9.843976289207486,9,1,0,1
soft_log_t2_c10,ssp2-4.5,2060,0.31872172871520243,1.0039627586284046,1.059172987988548,1.0763839500967831,1.1691992215117657,1.2771604384250632,1.8378793317147706,9.89682496528252,11,1,0,1
soft_log_t2_c10,ssp2-4.5,2065,0.28353753730142756,1.0058053501526776,1.0663580138238307,1.0844948469284765,1.2278304381773666,1.3845473841106473,2.054925346420108,9.923659644289723,14,3,0,1
soft_log_t2_c10,ssp2-4.5,2070,0.2570344699694835,1.0074348565936013,1.0735543006561357,1.0936768972904354,1.3048023923694,1.5349521738101675,2.7549865126624877,9.938337850651138,28,6,0,1
soft_log_t2_c10,ssp2-4.5,2075,0.2365082555798753,1.008463697732128,1.081708135701343,1.1034232698222466,1.3594550872710498,1.7678363437710718,3.977419079557505,9.94748895215057,47,8,0,1
soft_log_t2_c10,ssp2-4.5,2080,0.22023596304818455,1.0092364175951796,1.0897801507733007,1.1138946953044144,1.4656488154716252,2.0808972117084497,4.60765108904617,9.954440534246135,62,11,0,1
soft_log_t2_c10,ssp2-4.5,2085,0.20707855378782955,1.0096564152180663,1.0987279828407497,1.1256382062555665,1.5638476534040933,2.245491676525693,5.686382740307902,9.961020616604127,70,21,0,1
soft_log_t2_c10,ssp2-4.5,2090,0.1962584481307915,1.0099974887321337,1.107283467805087,1.1389939452354345,1.6547232870107214,2.575832689021342,6.437641715546386,9.967556888645122,81,31,0,1
soft_log_t2_c10,ssp2-4.5,2095,0.18722976222511706,1.0098145846102005,1.1152274839854486,1.1499693423901087,1.7478380315815354,2.8420723538042663,6.943031794357053,9.972423622162413,90,35,0,1
soft_log_t2_c10,ssp2-4.5,2100,0.1795997591121378,1.0095357432864263,1.1238036511763476,1.1613232106974467,1.8322849972938835,3.0724773164031243,7.290526867267519,9.975684618863825,98,37,0,1
soft_log_t2_c10,ssp5-8.5,2025,1.0,1.0,1.0,1.0,1.0,1.0,1.0,1.0,0,0,0,0
soft_log_t2_c10,ssp5-8.5,2030,0.4999999999999999,1.0009293946246514,1.0185738170990728,1.0224929357358903,1.031778844272317,1.044471471580815,1.1240533420386105,2.047468897501267,1,0,0,1
soft_log_t2_c10,ssp5-8.5,2035,0.28022484316943924,1.0025685741033916,1.037186232620467,1.0449941098845796,1.0637981132337018,1.0896377879914896,1.2508238241103373,3.0835871222502265,2,0,0,1
soft_log_t2_c10,ssp5-8.5,2040,0.20841320576910258,1.0046024318787956,1.0560402091971792,1.0677531898113268,1.0959540652741797,1.1443509272402228,1.402515885953345,4.156736819424543,4,0,0,1
soft_log_t2_c10,ssp5-8.5,2045,0.17514431354826035,1.0067027506756792,1.0748985952267143,1.0904718295668763,1.1283629061609644,1.2113249243278001,1.6043347901144975,5.0831989654415874,9,1,0,1
soft_log_t2_c10,ssp5-8.5,2050,0.1565150088834197,1.0091343903626582,1.0940461246339588,1.1133757062931342,1.1605483414738444,1.2631029151470112,1.7337836124821624,5.70654071994752,11,1,0,1
soft_log_t2_c10,ssp5-8.5,2055,0.14479384345604296,1.015810513988892,1.1131665282239898,1.1350526583456815,1.1927487901666354,1.3464686218313335,2.193174620335562,6.149907590656793,14,2,0,1
soft_log_t2_c10,ssp5-8.5,2060,0.1368187331682247,1.027911716314023,1.1307438733837245,1.1554984450620545,1.2220701272433447,1.411766775695884,2.9970887544970886,6.85921820080902,16,2,0,1
soft_log_t2_c10,ssp5-8.5,2065,0.13108011829946634,1.033377681750693,1.150306869718571,1.1752921891426387,1.2664185617997852,1.5001506534381082,3.7827612228570153,7.791943144722242,23,7,0,1
soft_log_t2_c10,ssp5-8.5,2070,0.12677406816904133,1.0375129088282335,1.1732485669428478,1.204679827890688,1.3236057998792723,1.577576422788817,4.398311919707093,9.333783902787651,30,8,0,1
soft_log_t2_c10,ssp5-8.5,2075,0.12343616528874038,1.0415105882750928,1.1977909003315441,1.2349386186081461,1.4204884706861145,1.7627425012319042,4.871166378777843,9.822924047415398,39,11,0,1
soft_log_t2_c10,ssp5-8.5,2080,0.12078072928217314,1.0449743539452843,1.2232624800624237,1.269212176539771,1.5218052159286908,1.9567636343720025,5.590180657292489,9.936923972110959,54,18,0,1
soft_log_t2_c10,ssp5-8.5,2085,0.11862302475445236,1.04845738827047,1.2505650064254943,1.3055967227930472,1.6270642603574408,2.16331454498089,7.441272146971725,9.971403038347843,69,21,0,2
soft_log_t2_c10,ssp5-8.5,2090,0.11683863350457634,1.0512386396786484,1.2816756286160347,1.3500974931357383,1.7398298924350566,2.3917181311899007,8.06261801542286,9.984170106843349,81,24,0,2
soft_log_t2_c10,ssp5-8.5,2095,0.11534088443564271,1.0536752785613956,1.3148434351354903,1.39658940078164,1.8577843422082376,2.5847937918028774,8.274255022906631,9.989314709578258,87,26,0,2
soft_log_t2_c10,ssp5-8.5,2100,0.11406765922130283,1.0561618392256111,1.347148533789714,1.446725595724955,1.977041900806114,2.7074330763240995,8.393370005793198,9.99178470324582,108,28,0,2
soft_log_t3_c5,ssp2-4.5,2025,1.0,1.0,1.0,1.0,1.0,1.0,1.0,1.0,0,0,0,0
soft_log_t3_c5,ssp2-4.5,2030,0.8333333333333335,1.0000163314057584,1.0086800276258872,1.0113994728942768,1.0205175028144966,1.0372916371841814,1.081615745668106,4.973326436120099,1,0,0,0
soft_log_t3_c5,ssp2-4.5,2035,0.7121212121212123,1.000073343067229,1.017360055251774,1.0227512302826098,1.0410175868232314,1.0782471703951932,1.1737925309292563,4.998475525267267,1,0,0,0
soft_log_t3_c5,ssp2-4.5,2040,0.6145833333333335,1.0001682939971168,1.0261036726954502,1.0342655269157417,1.0621353574531844,1.1237705368889208,1.3037599742460055,4.9997376117745524,2,0,0,0
soft_log_t3_c5,ssp2-4.5,2045,0.523809523809524,1.0002802760750864,1.0348402147413593,1.0458687672647469,1.088175872566135,1.1616769439421015,1.385167973811277,4.999957027052569,5,0,0,0
soft_log_t3_c5,ssp2-4.5,2050,0.43589743589743607,1.0004299176450666,1.0435502684266997,1.057579104127785,1.1109205486043665,1.200799338253728,1.5161965713385266,4.999992963062826,7,0,0,1
soft_log_t3_c5,ssp2-4.5,2055,0.36559139784946243,1.0019551864795178,1.0516621097606371,1.0676517472892508,1.137523921549184,1.2375176018331946,1.6515751231382385,4.999998672879847,9,0,0,1
soft_log_t3_c5,ssp2-4.5,2060,0.31488954759931664,1.0039627586284046,1.059172987988548,1.0763839500967831,1.1691992215117657,1.2771604384250632,1.8378793317147706,4.999999644318761,11,0,0,1
soft_log_t3_c5,ssp2-4.5,2065,0.2786303630089361,1.0058053501526776,1.0663580138238307,1.0844948469284765,1.2278304381773666,1.3845473841106473,2.055017010564577,4.999999863262955,14,0,0,1
soft_log_t3_c5,ssp2-4.5,2070,0.2541225255684693,1.0074348565936013,1.0735543006561357,1.0936768972904354,1.3048023923694,1.5349521738101675,2.767226713342473,4.999999930486617,28,0,0,1
soft_log_t3_c5,ssp2-4.5,2075,0.23787131174996984,1.008463697732128,1.081708135701343,1.1034232698222466,1.3594550872710498,1.7678363437710718,4.008935557052235,4.999999958194612,47,0,0,1
soft_log_t3_c5,ssp2-4.5,2080,0.22704760225207757,1.0092364175951796,1.0897801507733007,1.1138946953044144,1.4656488154716252,2.080914227107858,4.4414918341366425,4.999999973322227,62,0,0,1
soft_log_t3_c5,ssp2-4.5,2085,0.21972802054909968,1.0096564152180663,1.0987279828407497,1.1256382062555665,1.5638476534040933,2.2459415675138463,4.8197164725028685,4.999999983707816,70,0,0,1
soft_log_t3_c5,ssp2-4.5,2090,0.21468107360642455,1.0099974887321337,1.107283467805087,1.1389939452354345,1.6547232870107214,2.581290169593892,4.926242495796279,4.999999990877691,81,0,0,1
soft_log_t3_c5,ssp2-4.5,2095,0.2111296575485643,1.0098145846102005,1.1152274839854486,1.1499693423901087,1.7478380315815354,2.8584608694990887,4.962139749490884,4.999999994540246,90,0,0,1
soft_log_t3_c5,ssp2-4.5,2100,0.20858076193967068,1.0095357432864263,1.1238036511763476,1.1613232106974467,1.8322849972938835,3.105187916505975,4.977076952230386,4.999999996330494,98,0,0,1
soft_log_t3_c5,ssp5-8.5,2025,1.0,1.0,1.0,1.0,1.0,1.0,1.0,1.0,0,0,0,0
soft_log_t3_c5,ssp5-8.5,2030,0.4999999999999999,1.0009293946246514,1.0185738170990728,1.0224929357358903,1.031778844272317,1.044471471580815,1.1240533420386105,2.0474722986836658,1,0,0,1
soft_log_t3_c5,ssp5-8.5,2035,0.2753918723207973,1.0025685741033916,1.037186232620467,1.0449941098845796,1.0637981132337018,1.0896377879914896,1.2508238241103373,3.1172238848316276,2,0,0,1
soft_log_t3_c5,ssp5-8.5,2040,0.22041123828089856,1.0046024318787956,1.0560402091971792,1.0677531898113268,1.0959540652741797,1.1443509272402228,1.402515885953345,4.151624792342549,4,0,0,1
soft_log_t3_c5,ssp5-8.5,2045,0.20727676626157754,1.0067027506756792,1.0748985952267143,1.0904718295668763,1.1283629061609644,1.2113249243278001,1.6043347901144975,4.653730029260815,9,0,0,1
soft_log_t3_c5,ssp5-8.5,2050,0.20318516365883627,1.0091343903626582,1.0940461246339588,1.1133757062931342,1.1605483414738444,1.2631029151470112,1.7337836124821624,4.823864136724532,11,0,0,1
soft_log_t3_c5,ssp5-8.5,2055,0.20160587637706748,1.015810513988892,1.1131665282239898,1.1350526583456815,1.1927487901666354,1.3464686218313335,2.1933964298026143,4.894917732180243,14,0,0,1
soft_log_t3_c5,ssp5-8.5,2060,0.20089576899290945,1.027911716314023,1.1307438733837245,1.1554984450620545,1.2220701272433447,1.411766775695884,3.0237681622768187,4.95751632902362,16,0,0,1
soft_log_t3_c5,ssp5-8.5,2065,0.2005388039230611,1.033377681750693,1.150306869718571,1.1752921891426387,1.2664185617997852,1.5001506534381082,3.837868823081668,4.989824925248944,23,0,0,1
soft_log_t3_c5,ssp5-8.5,2070,0.20034353778918615,1.0375129088282335,1.1732485669428478,1.204679827890688,1.3236057998792723,1.577576422788817,4.318579007784149,4.99985269301607,30,0,0,1
soft_log_t3_c5,ssp5-8.5,2075,0.20022942600821014,1.0415105882750928,1.1977909003315441,1.2349386186081461,1.4204884706861145,1.7627425012319042,4.569477644283589,4.999998011735374,39,0,0,1
soft_log_t3_c5,ssp5-8.5,2080,0.20015910637328127,1.0449743539452843,1.2232624800624237,1.269212176539771,1.5218052159286908,1.9567636343720025,4.795203214480921,4.9999999253127205,54,0,0,1
soft_log_t3_c5,ssp5-8.5,2085,0.20011384551511557,1.04845738827047,1.2505650064254943,1.3055967227930472,1.6270642603574408,2.1634493790239158,4.981805024324829,4.9999999938763215,69,0,0,2
soft_log_t3_c5,ssp5-8.5,2090,0.2000836356166471,1.0512386396786484,1.2816756286160347,1.3500974931357383,1.7398298924350566,2.393496383735795,4.9938186399295095,4.999999999052952,81,0,0,2
soft_log_t3_c5,ssp5-8.5,2095,0.20006284108233038,1.0536752785613956,1.3148434351354903,1.39658940078164,1.8577843422082376,2.590512113598809,4.9959507926488795,4.999999999725836,87,0,0,2
soft_log_t3_c5,ssp5-8.5,2100,0.20004814413111804,1.0561618392256111,1.347148533789714,1.446725595724955,1.977041900806114,2.7173472054841996,4.996872172261653,4.999999999880313,108,0,0,2
soft_log_t3_c10,ssp2-4.5,2025,1.0,1.0,1.0,1.0,1.0,1.0,1.0,1.0,0,0,0,0
soft_log_t3_c10,ssp2-4.5,2030,0.8333333333333335,1.0000163314057584,1.0086800276258872,1.0113994728942768,1.0205175028144966,1.0372916371841814,1.081615745668106,7.909007425024247,1,1,0,0
soft_log_t3_c10,ssp2-4.5,2035,0.7121212121212123,1.000073343067229,1.017360055251774,1.0227512302826098,1.0410175868232314,1.0782471703951932,1.1737925309292563,9.28167191658921,1,1,0,0
soft_log_t3_c10,ssp2-4.5,2040,0.6145833333333335,1.0001682939971168,1.0261036726954502,1.0342655269157417,1.0621353574531844,1.1237705368889208,1.3037599742460055,9.647247989278052,2,1,0,0
soft_log_t3_c10,ssp2-4.5,2045,0.523809523809524,1.0002802760750864,1.0348402147413593,1.0458687672647469,1.088175872566135,1.1616769439421015,1.385167973811277,9.833392697267882,5,1,0,0
soft_log_t3_c10,ssp2-4.5,2050,0.43589743589743607,1.0004299176450666,1.0435502684266997,1.057579104127785,1.1109205486043665,1.200799338253728,1.5161965713385266,9.922042625019827,7,1,0,1
soft_log_t3_c10,ssp2-4.5,2055,0.36559139784946243,1.0019551864795178,1.0516621097606371,1.0676517472892508,1.137523921549184,1.2375176018331946,1.6515751231382385,9.961447607880627,9,1,0,1
soft_log_t3_c10,ssp2-4.5,2060,0.3148283218185398,1.0039627586284046,1.059172987988548,1.0763839500967831,1.1691992215117657,1.2771604384250632,1.8378793317147706,9.977915785936524,11,2,0,1
soft_log_t3_c10,ssp2-4.5,2065,0.2768361561641004,1.0058053501526776,1.0663580138238307,1.0844948469284765,1.2278304381773666,1.3845473841106473,2.055017010564577,9.985269309999437,14,3,0,1
soft_log_t3_c10,ssp2-4.5,2070,0.24790794042534667,1.0074348565936013,1.0735543006561357,1.0936768972904354,1.3048023923694,1.5349521738101675,2.767226827542191,9.98894121887394,28,6,0,1
soft_log_t3_c10,ssp2-4.5,2075,0.22550486075380188,1.008463697732128,1.081708135701343,1.1034232698222466,1.3594550872710498,1.7678363437710718,4.13621172934399,9.991085531030798,47,8,0,1
soft_log_t3_c10,ssp2-4.5,2080,0.20786467324234456,1.0092364175951796,1.0897801507733007,1.1138946953044144,1.4656488154716252,2.080914227107858,4.892093237679341,9.992631371688727,62,11,0,1
soft_log_t3_c10,ssp2-4.5,2085,0.19375606204602097,1.0096564152180663,1.0987279828407497,1.1256382062555665,1.5638476534040933,2.2459415675138463,6.20053853043738,9.994021763762177,70,25,0,1
soft_log_t3_c10,ssp2-4.5,2090,0.18230832505710443,1.0099974887321337,1.107283467805087,1.1389939452354345,1.6547232870107214,2.581290169593892,7.082893643158166,9.995325246341215,81,31,0,1
soft_log_t3_c10,ssp2-4.5,2095,0.17289687227506645,1.0098145846102005,1.1152274839854486,1.1499693423901087,1.7478380315815354,2.8584608694990887,7.64663707194881,9.996239817803891,90,37,0,1
soft_log_t3_c10,ssp2-4.5,2100,0.1650668381365134,1.0095357432864263,1.1238036511763476,1.1613232106974467,1.8322849972938835,3.1053217875983146,8.01538490336971,9.99682301351125,98,38,0,1
soft_log_t3_c10,ssp5-8.5,2025,1.0,1.0,1.0,1.0,1.0,1.0,1.0,1.0,0,0,0,0
soft_log_t3_c10,ssp5-8.5,2030,0.4999999999999999,1.0009293946246514,1.0185738170990728,1.0224929357358903,1.031778844272317,1.044471471580815,1.1240533420386105,2.0474722986836658,1,0,0,1
soft_log_t3_c10,ssp5-8.5,2035,0.2732289521675616,1.0025685741033916,1.037186232620467,1.0449941098845796,1.0637981132337018,1.0896377879914896,1.2508238241103373,3.1174083218207165,2,0,0,1
soft_log_t3_c10,ssp5-8.5,2040,0.195178823547331,1.0046024318787956,1.0560402091971792,1.0677531898113268,1.0959540652741797,1.1443509272402228,1.402515885953345,4.349091364395546,4,0,0,1
soft_log_t3_c10,ssp5-8.5,2045,0.16055556285410622,1.0067027506756792,1.0748985952267143,1.0904718295668763,1.1283629061609644,1.2113249243278001,1.6043347901144975,5.470459013214634,9,1,0,1
soft_log_t3_c10,ssp5-8.5,2050,0.14230101145186705,1.0091343903626582,1.0940461246339588,1.1133757062931342,1.1605483414738444,1.2631029151470112,1.7337836124821624,6.224734254760049,11,1,0,1
soft_log_t3_c10,ssp5-8.5,2055,0.13146183083620624,1.015810513988892,1.1131665282239898,1.1350526583456815,1.1927487901666354,1.3464686218313335,2.1933964298026143,6.750090987775267,14,2,0,1
soft_log_t3_c10,ssp5-8.5,2060,0.1244642248113794,1.027911716314023,1.1307438733837245,1.1554984450620545,1.2220701272433447,1.411766775695884,3.0237801368397053,7.555241175526594,16,4,0,1
soft_log_t3_c10,ssp5-8.5,2065,0.11966144972159555,1.033377681750693,1.150306869718571,1.1752921891426387,1.2664185617997852,1.5001506534381082,3.907656758059044,8.514553879771542,23,8,0,1
soft_log_t3_c10,ssp5-8.5,2070,0.11620827383317238,1.0375129088282335,1.1732485669428478,1.204679827890688,1.3236057998792723,1.577576422788817,4.638936609848704,9.721925311244174,30,9,0,1
soft_log_t3_c10,ssp5-8.5,2075,0.11363347709811579,1.0415105882750928,1.1977909003315441,1.2349386186081461,1.4204884706861145,1.7627425012319042,5.212341682972735,9.95426450691334,39,14,0,1
soft_log_t3_c10,ssp5-8.5,2080,0.11165673804397215,1.0449743539452843,1.2232624800624237,1.269212176539771,1.5218052159286908,1.9567636343720025,6.083595404049337,9.988599548178028,54,20,0,1
soft_log_t3_c10,ssp5-8.5,2085,0.11010237458929985,1.04845738827047,1.2505650064254943,1.3055967227930472,1.6270642603574408,2.1634493790239158,8.169749960032355,9.996052269976406,69,21,0,2
soft_log_t3_c10,ssp5-8.5,2090,0.10885547942408386,1.0512386396786484,1.2816756286160347,1.3500974931357383,1.7398298924350566,2.393496383735795,8.765467093288105,9.99821148807698,81,25,0,2
soft_log_t3_c10,ssp5-8.5,2095,0.10783817216137301,1.0536752785613956,1.3148434351354903,1.39658940078164,1.8577843422082376,2.590512113598809,8.951042871559224,9.998942932946731,87,29,0,2
soft_log_t3_c10,ssp5-8.5,2100,0.10699605460449657,1.0561618392256111,1.347148533789714,1.446725595724955,1.977041900806114,2.7173472054841996,9.051386803275468,9.999256315789125,108,31,0,2
soft_log_t5_c10,ssp2-4.5,2025,1.0,1.0,1.0,1.0,1.0,1.0,1.0,1.0,0,0,0,0
soft_log_t5_c10,ssp2-4.5,2030,0.8333333333333335,1.0000163314057584,1.0086800276258872,1.0113994728942768,1.0205175028144966,1.0372916371841814,1.081615745668106,8.904304081554486,1,1,0,0
soft_log_t5_c10,ssp2-4.5,2035,0.7121212121212123,1.000073343067229,1.017360055251774,1.0227512302826098,1.0410175868232314,1.0782471703951932,1.1737925309292563,9.849974857726123,1,1,0,0
soft_log_t5_c10,ssp2-4.5,2040,0.6145833333333335,1.0001682939971168,1.0261036726954502,1.0342655269157417,1.0621353574531844,1.1237705368889208,1.3037599742460055,9.958437443677303,2,1,0,0
soft_log_t5_c10,ssp2-4.5,2045,0.523809523809524,1.0002802760750864,1.0348402147413593,1.0458687672647469,1.088175872566135,1.1616769439421015,1.385167973811277,9.989003905030494,5,1,0,0
soft_log_t5_c10,ssp2-4.5,2050,0.43589743589743607,1.0004299176450666,1.0435502684266997,1.057579104127785,1.1109205486043665,1.200799338253728,1.5161965713385266,9.997098992488423,7,1,0,1
soft_log_t5_c10,ssp2-4.5,2055,0.36559139784946243,1.0019551864795178,1.0516621097606371,1.0676517472892508,1.137523921549184,1.2375176018331946,1.6515751231382385,9.999151317573357,9,1,0,1
soft_log_t5_c10,ssp2-4.5,2060,0.31481481481481494,1.0039627586284046,1.059172987988548,1.0763839500967831,1.1691992215117657,1.2771604384250632,1.8378793317147706,9.999678382384769,11,2,0,1
soft_log_t5_c10,ssp2-4.5,2065,0.27642276422764234,1.0058053501526776,1.0663580138238307,1.0844948469284765,1.2278304381773666,1.3845473841106473,2.055017010564577,9.999841006667346,14,3,0,1
soft_log_t5_c10,ssp2-4.5,2070,0.2463768115942029,1.0074348565936013,1.0735543006561357,1.0936768972904354,1.3048023923694,1.5349521738101675,2.7672268526156114,9.999903428577728,28,6,0,1
soft_log_t5_c10,ssp2-4.5,2075,0.2222222222222222,1.008463697732128,1.081708135701343,1.1034232698222466,1.3594550872710498,1.7678363437710718,4.169511681779072,9.999933610169295,47,8,0,1
soft_log_t5_c10,ssp2-4.5,2080,0.2023809523809525,1.0092364175951796,1.0897801507733007,1.1138946953044144,1.4656488154716252,2.080914227107858,5.040713951365469,9.999952320319371,62,15,0,1
soft_log_t5_c10,ssp2-4.5,2085,0.18584369993228475,1.0096564152180663,1.0987279828407497,1.1256382062555665,1.5638476534040933,2.2459415675138463,6.794377252546469,9.999966848897369,70,26,0,1
soft_log_t5_c10,ssp2-4.5,2090,0.17213191901141947,1.0099974887321337,1.107283467805087,1.1389939452354345,1.6547232870107214,2.581290169593892,7.972714887508365,9.999978379003855,81,32,0,1
soft_log_t5_c10,ssp2-4.5,2095,0.16084731399462138,1.0098145846102005,1.1152274839854486,1.1499693423901087,1.7478380315815354,2.8584608694990887,8.63351520513026,9.999985189044988,90,37,0,1
soft_log_t5_c10,ssp2-4.5,2100,0.15158488271893658,1.0095357432864263,1.1238036511763476,1.1613232106974467,1.8322849972938835,3.105351232043402,9.00653830790921,9.999988948827642,98,39,0,1
soft_log_t5_c10,ssp5-8.5,2025,1.0,1.0,1.0,1.0,1.0,1.0,1.0,1.0,0,0,0,0
soft_log_t5_c10,ssp5-8.5,2030,0.4999999999999999,1.0009293946246514,1.0185738170990728,1.0224929357358903,1.031778844272317,1.044471471580815,1.1240533420386105,2.0474722986836658,1,0,0,1
soft_log_t5_c10,ssp5-8.5,2035,0.27272727272727276,1.0025685741033916,1.037186232620467,1.0449941098845796,1.0637981132337018,1.0896377879914896,1.2508238241103373,3.1174489054767993,2,0,0,1
soft_log_t5_c10,ssp5-8.5,2040,0.18753485163267486,1.0046024318787956,1.0560402091971792,1.0677531898113268,1.0959540652741797,1.1443509272402228,1.402515885953345,4.40378715081812,4,0,0,1
soft_log_t5_c10,ssp5-8.5,2045,0.1463497992710098,1.0067027506756792,1.0748985952267143,1.0904718295668763,1.1283629061609644,1.2113249243278001,1.6043347901144975,5.789621902725058,9,1,0,1
soft_log_t5_c10,ssp5-8.5,2050,0.12653926231768217,1.0091343903626582,1.0940461246339588,1.1133757062931342,1.1605483414738444,1.2631029151470112,1.7337836124821624,6.827908131567189,11,1,0,1
soft_log_t5_c10,ssp5-8.5,2055,0.11641228644623074,1.015810513988892,1.1131665282239898,1.1350526583456815,1.1927487901666354,1.3464686218313335,2.1933964298026143,7.542730677267528,14,2,0,1
soft_log_t5_c10,ssp5-8.5,2060,0.1108110300008936,1.027911716314023,1.1307438733837245,1.1554984450620545,1.2220701272433447,1.411766775695884,3.0237827708876237,8.533292054902434,16,4,0,1
soft_log_t5_c10,ssp5-8.5,2065,0.10748806069025578,1.033377681750693,1.150306869718571,1.1752921891426387,1.2664185617997852,1.5001506534381082,3.924887986529062,9.423561543492134,23,8,0,1
soft_log_t5_c10,ssp5-8.5,2070,0.10539892524995467,1.0375129088282335,1.1732485669428478,1.204679827890688,1.3236057998792723,1.577576422788817,4.736050568089593,9.972792814454849,30,11,0,1
soft_log_t5_c10,ssp5-8.5,2075,0.10402152118677481,1.0415105882750928,1.1977909003315441,1.2349386186081461,1.4204884706861145,1.7627425012319042,5.447526387215055,9.998856821011298,39,14,0,1
soft_log_t5_c10,ssp5-8.5,2080,0.1030770253280163,1.0449743539452843,1.2232624800624237,1.269212176539771,1.5218052159286908,1.9567636343720025,6.629775571025707,9.99989818175106,54,20,0,1
soft_log_t5_c10,ssp5-8.5,2085,0.10240781350490154,1.04845738827047,1.2505650064254943,1.3055967227930472,1.6270642603574408,2.1634493790239158,9.146595641772333,9.999983881935385,69,21,0,2
soft_log_t5_c10,ssp5-8.5,2090,0.10192034935086296,1.0512386396786484,1.2816756286160347,1.3500974931357383,1.7398298924350566,2.393496383735795,9.592227029730319,9.999995927144095,81,26,0,2
soft_log_t5_c10,ssp5-8.5,2095,0.10155677977937363,1.0536752785613956,1.3148434351354903,1.39658940078164,1.8577843422082376,2.590512113598809,9.698102521686122,9.999998366405352,87,29,0,2
soft_log_t5_c10,ssp5-8.5,2100,0.10128002508995877,1.0561618392256111,1.347148533789714,1.446725595724955,1.977041900806114,2.7173472054841996,9.749054816615747,9.999999113122207,108,32,0,2
soft_log_arctan_t3_c5,ssp2-4.5,2025,1.0,1.0,1.0,1.0,1.0,1.0,1.0,1.0,0,0,0,0
soft_log_arctan_t3_c5,ssp2-4.5,2030,0.8333333333333336,1.0000163314057584,1.0086800276258872,1.0113994728942768,1.0205175028144966,1.0372916371841814,1.081615745668106,4.627519415720804,1,0,0,0
soft_log_arctan_t3_c5,ssp2-4.5,2035,0.7121212121212123,1.000073343067229,1.017360055251774,1.0227512302826098,1.0410175868232314,1.0782471703951932,1.1737925309292563,4.7532843495013655,1,0,0,0
soft_log_arctan_t3_c5,ssp2-4.5,2040,0.6145833333333335,1.0001682939971168,1.0261036726954502,1.0342655269157417,1.0621353574531844,1.1237705368889208,1.3037599742460055,4.795816647297646,2,0,0,0
soft_log_arctan_t3_c5,ssp2-4.5,2045,0.523809523809524,1.0002802760750864,1.0348402147413593,1.0458687672647469,1.088175872566135,1.1616769439421015,1.385167973811277,4.826610069072102,5,0,0,0
soft_log_arctan_t3_c5,ssp2-4.5,2050,0.43589743589743607,1.0004299176450666,1.0435502684266997,1.057579104127785,1.1109205486043665,1.200799338253728,1.5161965713385266,4.849358646365181,7,0,0,1
soft_log_arctan_t3_c5,ssp2-4.5,2055,0.36559139784946243,1.0019551864795178,1.0516621097606371,1.0676517472892508,1.137523921549184,1.2375176018331946,1.6515751231382385,4.865625229979991,9,0,0,1
soft_log_arctan_t3_c5,ssp2-4.5,2060,0.31499680400337854,1.0039627586284046,1.059172987988548,1.0763839500967831,1.1691992215117657,1.2771604384250632,1.8378793317147706,4.876183677706532,11,0,0,1
soft_log_arctan_t3_c5,ssp2-4.5,2065,0.28125898074076944,1.0058053501526776,1.0663580138238307,1.0844948469284765,1.2278304381773666,1.3845473841106473,2.055017010564577,4.88286762874422,14,0,0,1
soft_log_arctan_t3_c5,ssp2-4.5,2070,0.2612829547248456,1.0074348565936013,1.0735543006561357,1.0936768972904354,1.3048023923694,1.5349521738101675,2.767226509061948,4.88717854123801,28,0,0,1
soft_log_arctan_t3_c5,ssp2-4.5,2075,0.24917353436301773,1.008463697732128,1.081708135701343,1.1034232698222466,1.3594550872710498,1.7678363437710718,3.8799582531778474,4.890215736770621,47,0,0,1
soft_log_arctan_t3_c5,ssp2-4.5,2080,0.24132584852173172,1.0092364175951796,1.0897801507733007,1.1138946953044144,1.4656488154716252,2.080914227107858,4.167728274176293,4.8927660725963085,62,0,0,1
soft_log_arctan_t3_c5,ssp2-4.5,2085,0.23590455219584727,1.0096564152180663,1.0987279828407497,1.1256382062555665,1.5638476534040933,2.2459415675138463,4.434158734092496,4.895433082317881,70,0,0,1
soft_log_arctan_t3_c5,ssp2-4.5,2090,0.23195850071739368,1.0099974887321337,1.107283467805087,1.1389939452354345,1.6547232870107214,2.581290169593892,4.545117437570647,4.898404915327911,81,0,0,1
soft_log_arctan_t3_c5,ssp2-4.5,2095,0.2289645733248304,1.0098145846102005,1.1152274839854486,1.1499693423901087,1.7478380315815354,2.8584608694990887,4.602770062942023,4.900897973114482,90,0,0,1
soft_log_arctan_t3_c5,ssp2-4.5,2100,0.22661673891020176,1.0095357432864263,1.1238036511763476,1.1613232106974467,1.8322849972938835,3.104950267947431,4.637294685814916,4.902745441101232,98,0,0,1
soft_log_arctan_t3_c5,ssp5-8.5,2025,1.0,1.0,1.0,1.0,1.0,1.0,1.0,1.0,0,0,0,0
soft_log_arctan_t3_c5,ssp5-8.5,2030,0.49999999999999994,1.0009293946246514,1.0185738170990728,1.0224929357358903,1.031778844272317,1.044471471580815,1.1240533420386105,2.0474722986836658,1,0,0,1
soft_log_arctan_t3_c5,ssp5-8.5,2035,0.27848040824026055,1.0025685741033916,1.037186232620467,1.0449941098845796,1.0637981132337018,1.0896377879914896,1.2508238241103373,3.116897073201598,2,0,0,1
soft_log_arctan_t3_c5,ssp5-8.5,2040,0.2364214542863154,1.0046024318787956,1.0560402091971792,1.0677531898113268,1.0959540652741797,1.1443509272402228,1.402515885953345,3.97833638289511,4,0,0,1
soft_log_arctan_t3_c5,ssp5-8.5,2045,0.22531395763097087,1.0067027506756792,1.0748985952267143,1.0904718295668763,1.1283629061609644,1.2113249243278001,1.6043347901144975,4.3081031810294155,9,0,0,1
soft_log_arctan_t3_c5,ssp5-8.5,2050,0.22031268906855075,1.0091343903626582,1.0940461246339588,1.1133757062931342,1.1605483414738444,1.2631029151470112,1.7337836124821624,4.437724125364829,11,0,0,1
soft_log_arctan_t3_c5,ssp5-8.5,2055,0.21744262056973962,1.015810513988892,1.1131665282239898,1.1350526583456815,1.1927487901666354,1.3464686218313335,2.1933964298026143,4.506987107638532,14,0,0,1
soft_log_arctan_t3_c5,ssp5-8.5,2060,0.21556218224462748,1.027911716314023,1.1307438733837245,1.1554984450620545,1.2220701272433447,1.411766775695884,3.023746914838718,4.593888210228568,16,0,0,1
soft_log_arctan_t3_c5,ssp5-8.5,2065,0.21422366970106202,1.033377681750693,1.150306869718571,1.1752921891426387,1.2664185617997852,1.5001506534381082,3.754952483632715,4.682027810875885,23,0,0,1
soft_log_arctan_t3_c5,ssp5-8.5,2070,0.2132154988829475,1.0375129088282335,1.1732485669428478,1.204679827890688,1.3236057998792723,1.577576422788817,4.0883371858761945,4.806761333547738,30,0,0,1
soft_log_arctan_t3_c5,ssp5-8.5,2075,0.21242443231625457,1.0415105882750928,1.1977909003315441,1.2349386186081461,1.4204884706861145,1.7627425012319042,4.251180302970544,4.862013620310445,39,0,0,1
soft_log_arctan_t3_c5,ssp5-8.5,2080,0.21178422388085544,1.0449743539452843,1.2232624800624237,1.269212176539771,1.5218052159286908,1.9567636343720025,4.4149959508526955,4.886736174845564,54,0,0,1
soft_log_arctan_t3_c5,ssp5-8.5,2085,0.21125343524275175,1.04845738827047,1.2505650064254943,1.3055967227930472,1.6270642603574408,2.1634493790239158,4.651278491767299,4.900351280473204,69,0,0,2
soft_log_arctan_t3_c5,ssp5-8.5,2090,0.21080475708152877,1.0512386396786484,1.2816756286160347,1.3500974931357383,1.7398298924350566,2.393496383735795,4.704422704208024,4.908556907785852,81,0,0,2
soft_log_arctan_t3_c5,ssp5-8.5,2095,0.2104194225277179,1.0536752785613956,1.3148434351354903,1.39658940078164,1.8577843422082376,2.590512113598809,4.721361866510556,4.913299094678965,87,0,0,2
soft_log_arctan_t3_c5,ssp5-8.5,2100,0.2100840850740252,1.0561618392256111,1.347148533789714,1.446725595724955,1.977041900806114,2.7173472054841996,4.730762540625303,4.9162049084243185,108,0,0,2
spatial_ratio_3x3,ssp2-4.5,2025,1.0,1.0,1.0,1.0,1.0,1.0,1.0,1.0,0,0,0,0
spatial_ratio_3x3,ssp2-4.5,2030,0.9720589751520777,1.0,1.0085518228502144,1.0111893080591923,1.018161198514088,1.0297589681458705,1.0549420805827197,1.1356149970160654,0,0,0,0
spatial_ratio_3x3,ssp2-4.5,2035,0.9409967288099058,1.0000008424103692,1.0170045171151725,1.0223784316418263,1.036564033002891,1.0598588738080337,1.1323174401372904,1.3616331924847154,0,0,0,0
spatial_ratio_3x3,ssp2-4.5,2040,0.9083088462728119,1.0000174314983394,1.0255410928373274,1.0335665007865467,1.055504100102394,1.0922800325331743,1.212440096037186,1.652065752377059,0,0,0,0
spatial_ratio_3x3,ssp2-4.5,2045,0.8751564962514546,1.0000575661493314,1.0340985641098857,1.045045391638762,1.074751038699338,1.1142481875396952,1.284715059746955,1.958477315716922,0,0,0,0
spatial_ratio_3x3,ssp2-4.5,2050,0.8418076407559861,1.00013227002267,1.042659271050476,1.056339977072307,1.093468323428962,1.1406958059555357,1.3493923395315126,2.2716492266691977,1,0,0,0
spatial_ratio_3x3,ssp2-4.5,2055,0.8108088961615599,1.0012955016703635,1.0506165764539577,1.0663227737698178,1.1083275245025146,1.1797020937371887,1.4060970689677237,2.8649268118536497,1,0,0,0
spatial_ratio_3x3,ssp2-4.5,2060,0.7825884111764102,1.0030822740036516,1.0577413480941296,1.0744218426316428,1.1240653257928637,1.20943333008713,1.4550809587974598,3.7803977132920394,1,0,0,0
spatial_ratio_3x3,ssp2-4.5,2065,0.7561297493581185,1.0048111400382491,1.0648054077582663,1.0825296403601876,1.1460731699817543,1.2746043246236283,1.4966654585250507,4.900186552758913,1,0,0,0
spatial_ratio_3x3,ssp2-4.5,2070,0.7308584031522748,1.0064822188225258,1.0717761136851902,1.0901899580403445,1.1937330789339304,1.3385606364566036,1.71459735861063,6.157668092958147,5,1,0,0
spatial_ratio_3x3,ssp2-4.5,2075,0.7064251620846297,1.0076482241561147,1.0791989084787117,1.1013827460489227,1.2455670998723085,1.3945524868405517,2.399632652642839,7.512345157852868,13,1,0,0
spatial_ratio_3x3,ssp2-4.5,2080,0.6826055337074515,1.0082857941970733,1.0871183268528886,1.1099007579278035,1.3108498530623853,1.5490184104869273,3.1288186648368077,8.938184021673546,16,3,0,0
spatial_ratio_3x3,ssp2-4.5,2085,0.6592486296542318,1.0088657014689888,1.0961817772929188,1.1205889210868578,1.4167006906591613,1.6523739351815805,3.9457073606560504,10.417686388864226,24,11,1,0
spatial_ratio_3x3,ssp2-4.5,2090,0.6362492853058891,1.0089120897915544,1.1049687423651244,1.1348531558118768,1.4855592763339682,1.7364202074525332,4.725687789180595,11.938657955952923,42,12,2,0
spatial_ratio_3x3,ssp2-4.5,2095,0.6135319598797031,1.009117273293707,1.113304857461851,1.1441749717182617,1.5834827474237536,1.8380663283674235,5.423311876397406,13.492341111668278,45,13,3,0
spatial_ratio_3x3,ssp2-4.5,2100,0.5910409917463004,1.0087918743984512,1.1218028289302053,1.1545141914523305,1.6528482510394131,1.9486765091068863,6.032988056208213,15.072286081315267,49,13,7,0
spatial_ratio_3x3,ssp5-8.5,2025,1.0,1.0,1.0,1.0,1.0,1.0,1.0,1.0,0,0,0,0
spatial_ratio_3x3,ssp5-8.5,2030,0.9463127162629758,1.000559780651567,1.018675532620175,1.0223369298896352,1.0306211720513654,1.033175371957173,1.0785217882665936,1.1429271211561487,0,0,0,0
spatial_ratio_3x3,ssp5-8.5,2035,0.8921314682290029,1.0016277307285648,1.0373274044078928,1.0446712603820496,1.0605268717409915,1.066121535681901,1.1531706166450233,1.4765016631537637,0,0,0,0
spatial_ratio_3x3,ssp5-8.5,2040,0.8376929471237026,1.0031380459799892,1.0560342442716264,1.0671928331178222,1.0911995588980747,1.0990512754067583,1.2188432982451847,1.909371736839643,0,0,0,0
spatial_ratio_3x3,ssp5-8.5,2045,0.7831809194265943,1.0050825068114013,1.0748616641588216,1.0895904441570963,1.120966002142546,1.131203470013898,1.2848240031687863,2.370611962436456,1,0,0,0
spatial_ratio_3x3,ssp5-8.5,2050,0.7286377927867981,1.006988983726941,1.093802867636741,1.1119911250994345,1.1504045227777626,1.1636828472348852,1.335919349288606,2.8438549446109693,1,0,0,0
spatial_ratio_3x3,ssp5-8.5,2055,0.6802332152025898,1.01509927072384,1.1120614616195739,1.1332906174921633,1.1784432272511185,1.1934422803056661,1.3914919831916182,3.621390867170444,1,0,0,0
spatial_ratio_3x3,ssp5-8.5,2060,0.6389426542675893,1.0277869833200088,1.1296085429088254,1.1516781675850014,1.206496346421144,1.222002874063569,1.4561421841414137,4.747561722259617,1,0,0,0
spatial_ratio_3x3,ssp5-8.5,2065,0.6021634209637943,1.0332966553619332,1.1495103818777743,1.1712293351857475,1.231468438317358,1.2646346812666338,1.5345617288330446,6.094819562678456,1,1,0,0
spatial_ratio_3x3,ssp5-8.5,2070,0.5684244301940726,1.0374445889287354,1.1717844933848394,1.1990208616331886,1.2624994583056073,1.322384457481579,1.6255936572379996,7.591072434115446,2,1,0,0
spatial_ratio_3x3,ssp5-8.5,2075,0.536831492977814,1.041470983499556,1.1959342868032896,1.230290730857754,1.3417538788529044,1.4248554222929475,1.7863776979013086,9.192502824156648,7,1,0,0
spatial_ratio_3x3,ssp5-8.5,2080,0.5068097735417697,1.0445483716776989,1.2205523512746324,1.2627827469698272,1.4262674673538647,1.5218489105884179,1.9763870988885024,10.870946720448273,11,2,1,0
spatial_ratio_3x3,ssp5-8.5,2085,0.47797290685801813,1.0482518373170002,1.2471946065593782,1.2952022090159916,1.513187028410764,1.6318562131098187,2.1634493790239153,12.607476731519787,25,6,1,1
spatial_ratio_3x3,ssp5-8.5,2090,0.45005160821012913,1.050835172123774,1.2789455965694834,1.3293664478868656,1.618948114234557,1.7391050820679879,2.400705184639731,14.388913137330706,35,6,4,1
spatial_ratio_3x3,ssp5-8.5,2095,0.4228524477313709,1.0530645561911274,1.3117509132666423,1.3667846991170176,1.7243474857749508,1.8541700600130229,2.631624363198555,16.205803379587795,43,6,5,1
spatial_ratio_3x3,ssp5-8.5,2100,0.39623289815152063,1.0563084497733484,1.341607729919369,1.4138905421741113,1.818468805298708,1.9819023002490959,2.740011276319674,18.051291550785628,55,6,6,1
spatial_outlier_replace,ssp2-4.5,2025,1.0,1.0,1.0,1.0,1.0,1.0,1.0,1.0,0,0,0,0
spatial_outlier_replace,ssp2-4.5,2030,0.8333333333333336,1.0000163314057584,1.008677964765497,1.0113917641082646,1.020443260693163,1.0367327392737784,1.0805513708228023,1.3166182808272289,0,0,0,0
spatial_outlier_replace,ssp2-4.5,2035,0.7121212121212123,1.000073343067229,1.0173559295309937,1.0227329342996359,1.0408357438772873,1.0779724597965719,1.1572132089679614,1.7115404971508235,0,0,0,0
spatial_outlier_replace,ssp2-4.5,2040,0.6145833333333335,1.0001682939971168,1.0260947382028642,1.034217140966743,1.0618890370779597,1.1222041192678784,1.2829703166705937,2.181823694934988,1,0,0,0
spatial_outlier_replace,ssp2-4.5,2045,0.523809523809524,1.0002802760750864,1.0348214521253685,1.0458366750852532,1.0878849973315168,1.1606858395327389,1.3813378260107647,2.6836405794833156,4,0,0,0
spatial_outlier_replace,ssp2-4.5,2050,0.43589743589743607,1.0004299176450666,1.0435268151567108,1.057565079043135,1.109368031917921,1.1983979171979449,1.4774544606917832,3.843498402218849,6,0,0,1
spatial_outlier_replace,ssp2-4.5,2055,0.36559139784946243,1.0019551864795178,1.0516321378340097,1.0676235782675225,1.1371748350205817,1.2370325692578008,1.6438966420212402,4.784862437896572,8,0,0,1
spatial_outlier_replace,ssp2-4.5,2060,0.31481481481481494,1.0039627586284046,1.0591316223729617,1.0763408862172987,1.1678718169387616,1.270356024796419,1.7185198750631339,4.456493015502153,9,0,0,1
spatial_outlier_replace,ssp2-4.5,2065,0.27642276422764234,1.0058053501526776,1.0663324373614826,1.0844491255504733,1.2179620461418668,1.3793377578259316,1.9273686642471997,4.900186552758913,11,0,0,1
spatial_outlier_replace,ssp2-4.5,2070,0.24637681159420294,1.007432818045167,1.0734453373191135,1.093388418054491,1.2800633064085456,1.5089036683681272,2.18418550098846,4.2511422219221995,22,0,0,1
spatial_outlier_replace,ssp2-4.5,2075,0.22222222222222224,1.0084473894325314,1.08136723406848,1.1031892437694857,1.3518319844963493,1.6379805649614718,3.1210590079293232,4.664186981037898,39,0,0,1
spatial_outlier_replace,ssp2-4.5,2080,0.20238095238095247,1.00914911262244,1.0896334639204925,1.1135789406454304,1.409836368651958,1.800529784750851,4.381717381980113,7.240257478394395,52,5,0,1
spatial_outlier_replace,ssp2-4.5,2085,0.6592486296542318,1.009595976026028,1.0985245567397224,1.1252034951276486,1.4935741640872422,1.9184763020763551,5.129821709313977,10.269039562285444,57,13,1,0
spatial_outlier_replace,ssp2-4.5,2090,0.6362492853058891,1.0099644799362564,1.1071189595489899,1.138504115469028,1.611983812099636,2.108504250267062,6.291053187568862,13.431386641983062,67,18,1,0
spatial_outlier_replace,ssp2-4.5,2095,0.6135319598797031,1.0098014861411941,1.1149166056250017,1.148989693892101,1.6758579420883728,2.2736850920901093,7.558791373927059,16.305254264751746,72,19,2,0
spatial_outlier_replace,ssp2-4.5,2100,0.5910409917463004,1.0095018585195832,1.1234353198687623,1.1597184663322744,1.76706738796237,2.4148161344929733,8.659721904185483,18.800982986426238,80,20,5,0
spatial_outlier_replace,ssp5-8.5,2025,1.0,1.0,1.0,1.0,1.0,1.0,1.0,1.0,0,0,0,0
spatial_outlier_replace,ssp5-8.5,2030,0.49999999999999994,1.0009293946246514,1.0185738170990728,1.0224929357358903,1.031778844272317,1.044471471580815,1.1240533420386105,2.0474722986836658,1,0,0,1
spatial_outlier_replace,ssp5-8.5,2035,0.27272727272727276,1.0025685741033916,1.037186232620467,1.0449941098845796,1.0637981132337018,1.0896377879914896,1.2508238241103373,3.1174489054767993,2,0,0,1
spatial_outlier_replace,ssp5-8.5,2040,0.8376929471237026,1.0046276797362528,1.0560402091971792,1.0677531898113268,1.0959540652741797,1.1443509272402228,1.402515885953345,4.40378715081812,4,0,0,0
spatial_outlier_replace,ssp5-8.5,2045,0.7831809194265943,1.0067064438259268,1.0748879565847966,1.090434499293374,1.128283815429449,1.2068595322707962,1.5230564296028763,3.5213873406565925,8,0,0,0
spatial_outlier_replace,ssp5-8.5,2050,0.7286377927867981,1.0091461918165585,1.094038920131828,1.1133352744064382,1.1604536327012056,1.2588795179233043,1.6643327040862315,4.806017299596548,10,0,0,0
spatial_outlier_replace,ssp5-8.5,2055,0.6802332152025898,1.015810513988892,1.1130851885881574,1.1349856126150264,1.1922861029467464,1.3352843729958668,2.0028273957360825,4.656992280597914,12,0,0,0
spatial_outlier_replace,ssp5-8.5,2060,0.6389426542675893,1.0279058634399874,1.1305611621935912,1.1552959057817573,1.2209632788520548,1.3993641187197436,2.3314607739672475,5.191846188570551,13,1,0,0
spatial_outlier_replace,ssp5-8.5,2065,0.6021634209637943,1.0333395883449914,1.1501135567468725,1.175047649429944,1.2546528623733588,1.4540069872278898,2.1109622954660345,4.447793021284042,15,0,0,0
spatial_outlier_replace,ssp5-8.5,2070,0.5684244301940726,1.0374538513222424,1.1728204262664859,1.204253700550372,1.3108520952579925,1.5438350250462058,2.3867628866286825,5.080684431120028,21,2,0,0
spatial_outlier_replace,ssp5-8.5,2075,0.536831492977814,1.0414178919499748,1.1974298874422709,1.2340883021756799,1.4020766851231672,1.6651496918875002,2.5265131828337295,5.434382757499619,26,1,0,0
spatial_outlier_replace,ssp5-8.5,2080,0.5068097735417697,1.0448887178903798,1.2222900939050985,1.2678294720390564,1.4993948721417854,1.784837997806708,2.944386283846374,5.918719739178264,38,2,0,0
spatial_outlier_replace,ssp5-8.5,2085,0.47797290685801813,1.048285401980729,1.2497120723887813,1.3045208817096257,1.6061363102874155,1.9014330879287544,3.3752515746719256,7.518943898182942,51,3,0,1
spatial_outlier_replace,ssp5-8.5,2090,0.45005160821012913,1.051074760420425,1.2807925512796428,1.3445094600977723,1.7152575295132317,2.039505278982435,3.6004017268377564,10.823629156307907,62,6,3,1
spatial_outlier_replace,ssp5-8.5,2095,0.4228524477313709,1.053528677491568,1.3137606445267238,1.3913395184712485,1.8162470593423319,2.156884602922495,4.0192986316680415,13.807172323325167,68,9,3,1
spatial_outlier_replace,ssp5-8.5,2100,0.39623289815152063,1.0558656062037155,1.346061412349084,1.4393086003380142,1.9203606425139306,2.266031482538036,4.336276306850133,16.398144020998046,88,11,3,1
