rank,tail,cell_id,state_abbr,lat_center,lon_center,scenario,horizon,baseline_damage_raw,future_damage_raw,baseline_damage_magnitude,future_damage_magnitude,factor_raw,percent_change_raw,factor_status,source_uri
1,lowest,312001,CA,36.0,-119.75,ssp5-8.5,2085,-1e-07,-3e-09,1e-07,3e-09,0.030000000000000002,-0.97,observed_factor,gs://infrasure-scr-data/onshore_wind/physical_risk/CONUS13K_Cell_312001_CA_CAISO_OnshoreWind_physical_risks.xlsx
2,lowest,312001,CA,36.0,-119.75,ssp5-8.5,2090,-1e-07,-3e-09,1e-07,3e-09,0.030000000000000002,-0.97,observed_factor,gs://infrasure-scr-data/onshore_wind/physical_risk/CONUS13K_Cell_312001_CA_CAISO_OnshoreWind_physical_risks.xlsx
3,lowest,312001,CA,36.0,-119.75,ssp5-8.5,2095,-1e-07,-3e-09,1e-07,3e-09,0.030000000000000002,-0.97,observed_factor,gs://infrasure-scr-data/onshore_wind/physical_risk/CONUS13K_Cell_312001_CA_CAISO_OnshoreWind_physical_risks.xlsx
4,lowest,312001,CA,36.0,-119.75,ssp5-8.5,2100,-1e-07,-3e-09,1e-07,3e-09,0.030000000000000002,-0.97,observed_factor,gs://infrasure-scr-data/onshore_wind/physical_risk/CONUS13K_Cell_312001_CA_CAISO_OnshoreWind_physical_risks.xlsx
5,lowest,312001,CA,36.0,-119.75,ssp5-8.5,2075,-1e-07,-4e-09,1e-07,4e-09,0.04,-0.96,observed_factor,gs://infrasure-scr-data/onshore_wind/physical_risk/CONUS13K_Cell_312001_CA_CAISO_OnshoreWind_physical_risks.xlsx
6,lowest,312001,CA,36.0,-119.75,ssp5-8.5,2080,-1e-07,-4e-09,1e-07,4e-09,0.04,-0.96,observed_factor,gs://infrasure-scr-data/onshore_wind/physical_risk/CONUS13K_Cell_312001_CA_CAISO_OnshoreWind_physical_risks.xlsx
7,lowest,312001,CA,36.0,-119.75,ssp5-8.5,2070,-1e-07,-5e-09,1e-07,5e-09,0.05,-0.95,observed_factor,gs://infrasure-scr-data/onshore_wind/physical_risk/CONUS13K_Cell_312001_CA_CAISO_OnshoreWind_physical_risks.xlsx
8,lowest,312001,CA,36.0,-119.75,ssp5-8.5,2040,-1e-07,-1e-08,1e-07,1e-08,0.1,-0.9,observed_factor,gs://infrasure-scr-data/onshore_wind/physical_risk/CONUS13K_Cell_312001_CA_CAISO_OnshoreWind_physical_risks.xlsx
9,lowest,312001,CA,36.0,-119.75,ssp5-8.5,2045,-1e-07,-1e-08,1e-07,1e-08,0.1,-0.9,observed_factor,gs://infrasure-scr-data/onshore_wind/physical_risk/CONUS13K_Cell_312001_CA_CAISO_OnshoreWind_physical_risks.xlsx
10,lowest,312001,CA,36.0,-119.75,ssp5-8.5,2050,-1e-07,-1e-08,1e-07,1e-08,0.1,-0.9,observed_factor,gs://infrasure-scr-data/onshore_wind/physical_risk/CONUS13K_Cell_312001_CA_CAISO_OnshoreWind_physical_risks.xlsx
11,lowest,312001,CA,36.0,-119.75,ssp5-8.5,2055,-1e-07,-1e-08,1e-07,1e-08,0.1,-0.9,observed_factor,gs://infrasure-scr-data/onshore_wind/physical_risk/CONUS13K_Cell_312001_CA_CAISO_OnshoreWind_physical_risks.xlsx
12,lowest,312001,CA,36.0,-119.75,ssp5-8.5,2060,-1e-07,-1e-08,1e-07,1e-08,0.1,-0.9,observed_factor,gs://infrasure-scr-data/onshore_wind/physical_risk/CONUS13K_Cell_312001_CA_CAISO_OnshoreWind_physical_risks.xlsx
13,lowest,312001,CA,36.0,-119.75,ssp5-8.5,2065,-1e-07,-1e-08,1e-07,1e-08,0.1,-0.9,observed_factor,gs://infrasure-scr-data/onshore_wind/physical_risk/CONUS13K_Cell_312001_CA_CAISO_OnshoreWind_physical_risks.xlsx
14,lowest,312001,CA,36.0,-119.75,ssp2-4.5,2075,-1e-07,-2e-08,1e-07,2e-08,0.2,-0.8,observed_factor,gs://infrasure-scr-data/onshore_wind/physical_risk/CONUS13K_Cell_312001_CA_CAISO_OnshoreWind_physical_risks.xlsx
15,lowest,312001,CA,36.0,-119.75,ssp2-4.5,2080,-1e-07,-2e-08,1e-07,2e-08,0.2,-0.8,observed_factor,gs://infrasure-scr-data/onshore_wind/physical_risk/CONUS13K_Cell_312001_CA_CAISO_OnshoreWind_physical_risks.xlsx
16,lowest,312001,CA,36.0,-119.75,ssp2-4.5,2085,-1e-07,-2e-08,1e-07,2e-08,0.2,-0.8,observed_factor,gs://infrasure-scr-data/onshore_wind/physical_risk/CONUS13K_Cell_312001_CA_CAISO_OnshoreWind_physical_risks.xlsx
17,lowest,312001,CA,36.0,-119.75,ssp2-4.5,2090,-1e-07,-2e-08,1e-07,2e-08,0.2,-0.8,observed_factor,gs://infrasure-scr-data/onshore_wind/physical_risk/CONUS13K_Cell_312001_CA_CAISO_OnshoreWind_physical_risks.xlsx
18,lowest,312001,CA,36.0,-119.75,ssp2-4.5,2095,-1e-07,-2e-08,1e-07,2e-08,0.2,-0.8,observed_factor,gs://infrasure-scr-data/onshore_wind/physical_risk/CONUS13K_Cell_312001_CA_CAISO_OnshoreWind_physical_risks.xlsx
19,lowest,312001,CA,36.0,-119.75,ssp2-4.5,2100,-1e-07,-2e-08,1e-07,2e-08,0.2,-0.8,observed_factor,gs://infrasure-scr-data/onshore_wind/physical_risk/CONUS13K_Cell_312001_CA_CAISO_OnshoreWind_physical_risks.xlsx
20,lowest,312001,CA,36.0,-119.75,ssp5-8.5,2035,-1e-07,-2e-08,1e-07,2e-08,0.2,-0.8,observed_factor,gs://infrasure-scr-data/onshore_wind/physical_risk/CONUS13K_Cell_312001_CA_CAISO_OnshoreWind_physical_risks.xlsx
21,lowest,312001,CA,36.0,-119.75,ssp2-4.5,2060,-1e-07,-3e-08,1e-07,3e-08,0.3,-0.7,observed_factor,gs://infrasure-scr-data/onshore_wind/physical_risk/CONUS13K_Cell_312001_CA_CAISO_OnshoreWind_physical_risks.xlsx
22,lowest,312001,CA,36.0,-119.75,ssp2-4.5,2065,-1e-07,-3e-08,1e-07,3e-08,0.3,-0.7,observed_factor,gs://infrasure-scr-data/onshore_wind/physical_risk/CONUS13K_Cell_312001_CA_CAISO_OnshoreWind_physical_risks.xlsx
23,lowest,312001,CA,36.0,-119.75,ssp2-4.5,2070,-1e-07,-3e-08,1e-07,3e-08,0.3,-0.7,observed_factor,gs://infrasure-scr-data/onshore_wind/physical_risk/CONUS13K_Cell_312001_CA_CAISO_OnshoreWind_physical_risks.xlsx
24,lowest,312001,CA,36.0,-119.75,ssp2-4.5,2055,-1e-07,-4e-08,1e-07,4e-08,0.4,-0.6,observed_factor,gs://infrasure-scr-data/onshore_wind/physical_risk/CONUS13K_Cell_312001_CA_CAISO_OnshoreWind_physical_risks.xlsx
25,lowest,312001,CA,36.0,-119.75,ssp5-8.5,2030,-1e-07,-4e-08,1e-07,4e-08,0.4,-0.6,observed_factor,gs://infrasure-scr-data/onshore_wind/physical_risk/CONUS13K_Cell_312001_CA_CAISO_OnshoreWind_physical_risks.xlsx
26,lowest,324979,CA,33.75,-115.25,ssp5-8.5,2100,-3.5e-05,-1.4e-05,3.5e-05,1.4e-05,0.4,-0.6,observed_factor,gs://infrasure-scr-data/onshore_wind/physical_risk/CONUS13K_Cell_324979_CA_CAISO_OnshoreWind_physical_risks.xlsx
27,lowest,324979,CA,33.75,-115.25,ssp5-8.5,2095,-3.5e-05,-1.5e-05,3.5e-05,1.5e-05,0.4285714285714286,-0.5714285714285714,observed_factor,gs://infrasure-scr-data/onshore_wind/physical_risk/CONUS13K_Cell_324979_CA_CAISO_OnshoreWind_physical_risks.xlsx
28,lowest,324979,CA,33.75,-115.25,ssp5-8.5,2090,-3.5e-05,-1.6e-05,3.5e-05,1.6e-05,0.4571428571428572,-0.5428571428571428,observed_factor,gs://infrasure-scr-data/onshore_wind/physical_risk/CONUS13K_Cell_324979_CA_CAISO_OnshoreWind_physical_risks.xlsx
29,lowest,324979,CA,33.75,-115.25,ssp5-8.5,2085,-3.5e-05,-1.7e-05,3.5e-05,1.7e-05,0.48571428571428577,-0.5142857142857142,observed_factor,gs://infrasure-scr-data/onshore_wind/physical_risk/CONUS13K_Cell_324979_CA_CAISO_OnshoreWind_physical_risks.xlsx
30,lowest,312001,CA,36.0,-119.75,ssp2-4.5,2050,-1e-07,-5e-08,1e-07,5e-08,0.5,-0.5,observed_factor,gs://infrasure-scr-data/onshore_wind/physical_risk/CONUS13K_Cell_312001_CA_CAISO_OnshoreWind_physical_risks.xlsx
31,lowest,324979,CA,33.75,-115.25,ssp5-8.5,2080,-3.5e-05,-1.8e-05,3.5e-05,1.8e-05,0.5142857142857143,-0.48571428571428565,observed_factor,gs://infrasure-scr-data/onshore_wind/physical_risk/CONUS13K_Cell_324979_CA_CAISO_OnshoreWind_physical_risks.xlsx
32,lowest,251549,MT,46.5,-112.75,ssp5-8.5,2100,-0.005088,-0.002717,0.005088,0.002717,0.534001572327044,-0.46599842767295596,observed_factor,gs://infrasure-scr-data/onshore_wind/physical_risk/CONUS13K_Cell_251549_MT_WEIM_OnshoreWind_physical_risks.xlsx
33,lowest,324979,CA,33.75,-115.25,ssp5-8.5,2075,-3.5e-05,-1.9e-05,3.5e-05,1.9e-05,0.5428571428571429,-0.4571428571428571,observed_factor,gs://infrasure-scr-data/onshore_wind/physical_risk/CONUS13K_Cell_324979_CA_CAISO_OnshoreWind_physical_risks.xlsx
34,lowest,251549,MT,46.5,-112.75,ssp5-8.5,2095,-0.005088,-0.002861,0.005088,0.002861,0.5623034591194969,-0.43769654088050314,observed_factor,gs://infrasure-scr-data/onshore_wind/physical_risk/CONUS13K_Cell_251549_MT_WEIM_OnshoreWind_physical_risks.xlsx
35,lowest,299101,CO,38.25,-104.75,ssp5-8.5,2100,-1.6e-05,-9e-06,1.6e-05,9e-06,0.5625,-0.4375,observed_factor,gs://infrasure-scr-data/onshore_wind/physical_risk/CONUS13K_Cell_299101_CO_WEIM_OnshoreWind_physical_risks.xlsx
36,lowest,324979,CA,33.75,-115.25,ssp5-8.5,2070,-3.5e-05,-2e-05,3.5e-05,2e-05,0.5714285714285715,-0.4285714285714285,observed_factor,gs://infrasure-scr-data/onshore_wind/physical_risk/CONUS13K_Cell_324979_CA_CAISO_OnshoreWind_physical_risks.xlsx
37,lowest,252989,MT,46.25,-112.75,ssp5-8.5,2100,-0.004829,-0.002762,0.004829,0.002762,0.5719610685442121,-0.42803893145578786,observed_factor,gs://infrasure-scr-data/onshore_wind/physical_risk/CONUS13K_Cell_252989_MT_WEIM_OnshoreWind_physical_risks.xlsx
38,lowest,251549,MT,46.5,-112.75,ssp5-8.5,2090,-0.005088,-0.003003,0.005088,0.003003,0.5902122641509434,-0.4097877358490566,observed_factor,gs://infrasure-scr-data/onshore_wind/physical_risk/CONUS13K_Cell_251549_MT_WEIM_OnshoreWind_physical_risks.xlsx
39,lowest,324979,CA,33.75,-115.25,ssp2-4.5,2100,-3.7e-05,-2.2e-05,3.7e-05,2.2e-05,0.5945945945945946,-0.4054054054054054,observed_factor,gs://infrasure-scr-data/onshore_wind/physical_risk/CONUS13K_Cell_324979_CA_CAISO_OnshoreWind_physical_risks.xlsx
40,lowest,252989,MT,46.25,-112.75,ssp5-8.5,2095,-0.004829,-0.002886,0.004829,0.002886,0.5976392627873266,-0.4023607372126734,observed_factor,gs://infrasure-scr-data/onshore_wind/physical_risk/CONUS13K_Cell_252989_MT_WEIM_OnshoreWind_physical_risks.xlsx
41,lowest,324979,CA,33.75,-115.25,ssp5-8.5,2065,-3.5e-05,-2.1e-05,3.5e-05,2.1e-05,0.6,-0.4,observed_factor,gs://infrasure-scr-data/onshore_wind/physical_risk/CONUS13K_Cell_324979_CA_CAISO_OnshoreWind_physical_risks.xlsx
42,lowest,251549,MT,46.5,-112.75,ssp5-8.5,2085,-0.005088,-0.003144,0.005088,0.003144,0.6179245283018868,-0.3820754716981132,observed_factor,gs://infrasure-scr-data/onshore_wind/physical_risk/CONUS13K_Cell_251549_MT_WEIM_OnshoreWind_physical_risks.xlsx
43,lowest,337986,TX,31.5,-103.5,ssp5-8.5,2100,-0.000325,-0.000202,0.000325,0.000202,0.6215384615384616,-0.3784615384615384,observed_factor,gs://infrasure-scr-data/onshore_wind/physical_risk/CONUS13K_Cell_337986_TX_ERCOT_OnshoreWind_physical_risks.xlsx
44,lowest,324979,CA,33.75,-115.25,ssp2-4.5,2090,-3.7e-05,-2.3e-05,3.7e-05,2.3e-05,0.6216216216216216,-0.3783783783783784,observed_factor,gs://infrasure-scr-data/onshore_wind/physical_risk/CONUS13K_Cell_324979_CA_CAISO_OnshoreWind_physical_risks.xlsx
45,lowest,324979,CA,33.75,-115.25,ssp2-4.5,2095,-3.7e-05,-2.3e-05,3.7e-05,2.3e-05,0.6216216216216216,-0.3783783783783784,observed_factor,gs://infrasure-scr-data/onshore_wind/physical_risk/CONUS13K_Cell_324979_CA_CAISO_OnshoreWind_physical_risks.xlsx
46,lowest,252989,MT,46.25,-112.75,ssp5-8.5,2090,-0.004829,-0.00301,0.004829,0.00301,0.6233174570304411,-0.37668254296955894,observed_factor,gs://infrasure-scr-data/onshore_wind/physical_risk/CONUS13K_Cell_252989_MT_WEIM_OnshoreWind_physical_risks.xlsx
47,lowest,320658,CA,34.5,-115.5,ssp5-8.5,2100,-2.4e-05,-1.5e-05,2.4e-05,1.5e-05,0.625,-0.375,observed_factor,gs://infrasure-scr-data/onshore_wind/physical_risk/CONUS13K_Cell_320658_CA_CAISO_OnshoreWind_physical_risks.xlsx
48,lowest,299101,CO,38.25,-104.75,ssp5-8.5,2090,-1.6e-05,-1e-05,1.6e-05,1e-05,0.6250000000000001,-0.3749999999999999,observed_factor,gs://infrasure-scr-data/onshore_wind/physical_risk/CONUS13K_Cell_299101_CO_WEIM_OnshoreWind_physical_risks.xlsx
49,lowest,299101,CO,38.25,-104.75,ssp5-8.5,2095,-1.6e-05,-1e-05,1.6e-05,1e-05,0.6250000000000001,-0.3749999999999999,observed_factor,gs://infrasure-scr-data/onshore_wind/physical_risk/CONUS13K_Cell_299101_CO_WEIM_OnshoreWind_physical_risks.xlsx
50,lowest,324979,CA,33.75,-115.25,ssp5-8.5,2060,-3.5e-05,-2.2e-05,3.5e-05,2.2e-05,0.6285714285714286,-0.37142857142857144,observed_factor,gs://infrasure-scr-data/onshore_wind/physical_risk/CONUS13K_Cell_324979_CA_CAISO_OnshoreWind_physical_risks.xlsx
51,lowest,294766,CO,39.0,-108.5,ssp5-8.5,2100,-0.010265,-0.0065,0.010265,0.0065,0.6332196785192401,-0.3667803214807599,observed_factor,gs://infrasure-scr-data/onshore_wind/physical_risk/CONUS13K_Cell_294766_CO_WEIM_OnshoreWind_physical_risks.xlsx
52,lowest,265949,ID,44.0,-112.75,ssp5-8.5,2100,-0.000133,-8.5e-05,0.000133,8.5e-05,0.6390977443609023,-0.3609022556390977,observed_factor,gs://infrasure-scr-data/onshore_wind/physical_risk/CONUS13K_Cell_265949_ID_WEIM_OnshoreWind_physical_risks.xlsx
53,lowest,251549,MT,46.5,-112.75,ssp5-8.5,2080,-0.005088,-0.003284,0.005088,0.003284,0.6454402515723271,-0.3545597484276729,observed_factor,gs://infrasure-scr-data/onshore_wind/physical_risk/CONUS13K_Cell_251549_MT_WEIM_OnshoreWind_physical_risks.xlsx
54,lowest,337986,TX,31.5,-103.5,ssp5-8.5,2095,-0.000325,-0.00021,0.000325,0.00021,0.6461538461538462,-0.3538461538461538,observed_factor,gs://infrasure-scr-data/onshore_wind/physical_risk/CONUS13K_Cell_337986_TX_ERCOT_OnshoreWind_physical_risks.xlsx
55,lowest,324979,CA,33.75,-115.25,ssp2-4.5,2085,-3.7e-05,-2.4e-05,3.7e-05,2.4e-05,0.6486486486486487,-0.3513513513513513,observed_factor,gs://infrasure-scr-data/onshore_wind/physical_risk/CONUS13K_Cell_324979_CA_CAISO_OnshoreWind_physical_risks.xlsx
56,lowest,252989,MT,46.25,-112.75,ssp5-8.5,2085,-0.004829,-0.003135,0.004829,0.003135,0.6492027334851936,-0.35079726651480636,observed_factor,gs://infrasure-scr-data/onshore_wind/physical_risk/CONUS13K_Cell_252989_MT_WEIM_OnshoreWind_physical_risks.xlsx
57,lowest,300536,CO,38.0,-106.0,ssp5-8.5,2100,-0.000103,-6.7e-05,0.000103,6.7e-05,0.6504854368932039,-0.3495145631067961,observed_factor,gs://infrasure-scr-data/onshore_wind/physical_risk/CONUS13K_Cell_300536_CO_WEIM_OnshoreWind_physical_risks.xlsx
58,lowest,294766,CO,39.0,-108.5,ssp5-8.5,2095,-0.010265,-0.006705,0.010265,0.006705,0.6531904529956162,-0.3468095470043838,observed_factor,gs://infrasure-scr-data/onshore_wind/physical_risk/CONUS13K_Cell_294766_CO_WEIM_OnshoreWind_physical_risks.xlsx
59,lowest,339430,TX,31.25,-102.5,ssp5-8.5,2100,-0.000767,-0.000505,0.000767,0.000505,0.6584093872229466,-0.3415906127770534,observed_factor,gs://infrasure-scr-data/onshore_wind/physical_risk/CONUS13K_Cell_339430_TX_ERCOT_OnshoreWind_physical_risks.xlsx
60,lowest,286130,CO,40.5,-107.5,ssp5-8.5,2100,-0.026671,-0.017582,0.026671,0.017582,0.659217877094972,-0.34078212290502796,observed_factor,gs://infrasure-scr-data/onshore_wind/physical_risk/CONUS13K_Cell_286130_CO_WEIM_OnshoreWind_physical_risks.xlsx
61,lowest,320658,CA,34.5,-115.5,ssp5-8.5,2090,-2.4e-05,-1.6e-05,2.4e-05,1.6e-05,0.6666666666666666,-0.33333333333333337,observed_factor,gs://infrasure-scr-data/onshore_wind/physical_risk/CONUS13K_Cell_320658_CA_CAISO_OnshoreWind_physical_risks.xlsx
62,lowest,320658,CA,34.5,-115.5,ssp5-8.5,2095,-2.4e-05,-1.6e-05,2.4e-05,1.6e-05,0.6666666666666666,-0.33333333333333337,observed_factor,gs://infrasure-scr-data/onshore_wind/physical_risk/CONUS13K_Cell_320658_CA_CAISO_OnshoreWind_physical_risks.xlsx
63,lowest,270375,MI,43.25,-86.25,ssp5-8.5,2070,-6e-06,-4e-06,6e-06,4e-06,0.6666666666666666,-0.33333333333333337,observed_factor,gs://infrasure-scr-data/onshore_wind/physical_risk/CONUS13K_Cell_270375_MI_MISO_OnshoreWind_physical_risks.xlsx
64,lowest,270375,MI,43.25,-86.25,ssp5-8.5,2075,-6e-06,-4e-06,6e-06,4e-06,0.6666666666666666,-0.33333333333333337,observed_factor,gs://infrasure-scr-data/onshore_wind/physical_risk/CONUS13K_Cell_270375_MI_MISO_OnshoreWind_physical_risks.xlsx
65,lowest,270375,MI,43.25,-86.25,ssp5-8.5,2080,-6e-06,-4e-06,6e-06,4e-06,0.6666666666666666,-0.33333333333333337,observed_factor,gs://infrasure-scr-data/onshore_wind/physical_risk/CONUS13K_Cell_270375_MI_MISO_OnshoreWind_physical_risks.xlsx
66,lowest,270375,MI,43.25,-86.25,ssp5-8.5,2085,-6e-06,-4e-06,6e-06,4e-06,0.6666666666666666,-0.33333333333333337,observed_factor,gs://infrasure-scr-data/onshore_wind/physical_risk/CONUS13K_Cell_270375_MI_MISO_OnshoreWind_physical_risks.xlsx
67,lowest,270375,MI,43.25,-86.25,ssp5-8.5,2090,-6e-06,-4e-06,6e-06,4e-06,0.6666666666666666,-0.33333333333333337,observed_factor,gs://infrasure-scr-data/onshore_wind/physical_risk/CONUS13K_Cell_270375_MI_MISO_OnshoreWind_physical_risks.xlsx
68,lowest,270375,MI,43.25,-86.25,ssp5-8.5,2095,-6e-06,-4e-06,6e-06,4e-06,0.6666666666666666,-0.33333333333333337,observed_factor,gs://infrasure-scr-data/onshore_wind/physical_risk/CONUS13K_Cell_270375_MI_MISO_OnshoreWind_physical_risks.xlsx
69,lowest,270375,MI,43.25,-86.25,ssp5-8.5,2100,-6e-06,-4e-06,6e-06,4e-06,0.6666666666666666,-0.33333333333333337,observed_factor,gs://infrasure-scr-data/onshore_wind/physical_risk/CONUS13K_Cell_270375_MI_MISO_OnshoreWind_physical_risks.xlsx
70,lowest,306274,AZ,37.0,-111.5,ssp5-8.5,2095,-1.5e-05,-1e-05,1.5e-05,1e-05,0.6666666666666667,-0.33333333333333326,observed_factor,gs://infrasure-scr-data/onshore_wind/physical_risk/CONUS13K_Cell_306274_AZ_WEIM_OnshoreWind_physical_risks.xlsx
71,lowest,306274,AZ,37.0,-111.5,ssp5-8.5,2100,-1.5e-05,-1e-05,1.5e-05,1e-05,0.6666666666666667,-0.33333333333333326,observed_factor,gs://infrasure-scr-data/onshore_wind/physical_risk/CONUS13K_Cell_306274_AZ_WEIM_OnshoreWind_physical_risks.xlsx
72,lowest,337986,TX,31.5,-103.5,ssp5-8.5,2090,-0.000325,-0.000217,0.000325,0.000217,0.6676923076923077,-0.3323076923076923,observed_factor,gs://infrasure-scr-data/onshore_wind/physical_risk/CONUS13K_Cell_337986_TX_ERCOT_OnshoreWind_physical_risks.xlsx
73,lowest,265949,ID,44.0,-112.75,ssp5-8.5,2095,-0.000133,-8.9e-05,0.000133,8.9e-05,0.669172932330827,-0.330827067669173,observed_factor,gs://infrasure-scr-data/onshore_wind/physical_risk/CONUS13K_Cell_265949_ID_WEIM_OnshoreWind_physical_risks.xlsx
74,lowest,300536,CO,38.0,-106.0,ssp5-8.5,2095,-0.000103,-6.9e-05,0.000103,6.9e-05,0.6699029126213593,-0.33009708737864074,observed_factor,gs://infrasure-scr-data/onshore_wind/physical_risk/CONUS13K_Cell_300536_CO_WEIM_OnshoreWind_physical_risks.xlsx
75,lowest,294766,CO,39.0,-108.5,ssp5-8.5,2090,-0.010265,-0.006902,0.010265,0.006902,0.6723818801753532,-0.32761811982464684,observed_factor,gs://infrasure-scr-data/onshore_wind/physical_risk/CONUS13K_Cell_294766_CO_WEIM_OnshoreWind_physical_risks.xlsx
76,lowest,251549,MT,46.5,-112.75,ssp5-8.5,2075,-0.005088,-0.003426,0.005088,0.003426,0.6733490566037736,-0.32665094339622636,observed_factor,gs://infrasure-scr-data/onshore_wind/physical_risk/CONUS13K_Cell_251549_MT_WEIM_OnshoreWind_physical_risks.xlsx
77,lowest,252989,MT,46.25,-112.75,ssp5-8.5,2080,-0.004829,-0.003259,0.004829,0.003259,0.6748809277283082,-0.3251190722716918,observed_factor,gs://infrasure-scr-data/onshore_wind/physical_risk/CONUS13K_Cell_252989_MT_WEIM_OnshoreWind_physical_risks.xlsx
78,lowest,257306,MT,45.5,-113.5,ssp5-8.5,2100,-0.004412,-0.002978,0.004412,0.002978,0.6749773345421578,-0.3250226654578422,observed_factor,gs://infrasure-scr-data/onshore_wind/physical_risk/CONUS13K_Cell_257306_MT_WEIM_OnshoreWind_physical_risks.xlsx
79,lowest,324979,CA,33.75,-115.25,ssp2-4.5,2080,-3.7e-05,-2.5e-05,3.7e-05,2.5e-05,0.6756756756756758,-0.32432432432432423,observed_factor,gs://infrasure-scr-data/onshore_wind/physical_risk/CONUS13K_Cell_324979_CA_CAISO_OnshoreWind_physical_risks.xlsx
80,lowest,303416,CO,37.5,-106.0,ssp5-8.5,2100,-5.3e-05,-3.6e-05,5.3e-05,3.6e-05,0.6792452830188679,-0.3207547169811321,observed_factor,gs://infrasure-scr-data/onshore_wind/physical_risk/CONUS13K_Cell_303416_CO_WEIM_OnshoreWind_physical_risks.xlsx
81,lowest,286130,CO,40.5,-107.5,ssp5-8.5,2095,-0.026671,-0.018207,0.026671,0.018207,0.682651569120018,-0.317348430879982,observed_factor,gs://infrasure-scr-data/onshore_wind/physical_risk/CONUS13K_Cell_286130_CO_WEIM_OnshoreWind_physical_risks.xlsx
82,lowest,339430,TX,31.25,-102.5,ssp5-8.5,2095,-0.000767,-0.000524,0.000767,0.000524,0.683181225554107,-0.316818774445893,observed_factor,gs://infrasure-scr-data/onshore_wind/physical_risk/CONUS13K_Cell_339430_TX_ERCOT_OnshoreWind_physical_risks.xlsx
83,lowest,289007,CO,40.0,-108.25,ssp5-8.5,2100,-0.006876,-0.004711,0.006876,0.004711,0.6851367073880162,-0.31486329261198376,observed_factor,gs://infrasure-scr-data/onshore_wind/physical_risk/CONUS13K_Cell_289007_CO_WEIM_OnshoreWind_physical_risks.xlsx
84,lowest,324979,CA,33.75,-115.25,ssp5-8.5,2055,-3.5e-05,-2.4e-05,3.5e-05,2.4e-05,0.6857142857142858,-0.31428571428571417,observed_factor,gs://infrasure-scr-data/onshore_wind/physical_risk/CONUS13K_Cell_324979_CA_CAISO_OnshoreWind_physical_risks.xlsx
85,lowest,299101,CO,38.25,-104.75,ssp5-8.5,2075,-1.6e-05,-1.1e-05,1.6e-05,1.1e-05,0.6875,-0.3125,observed_factor,gs://infrasure-scr-data/onshore_wind/physical_risk/CONUS13K_Cell_299101_CO_WEIM_OnshoreWind_physical_risks.xlsx
86,lowest,299101,CO,38.25,-104.75,ssp5-8.5,2080,-1.6e-05,-1.1e-05,1.6e-05,1.1e-05,0.6875,-0.3125,observed_factor,gs://infrasure-scr-data/onshore_wind/physical_risk/CONUS13K_Cell_299101_CO_WEIM_OnshoreWind_physical_risks.xlsx
87,lowest,299101,CO,38.25,-104.75,ssp5-8.5,2085,-1.6e-05,-1.1e-05,1.6e-05,1.1e-05,0.6875,-0.3125,observed_factor,gs://infrasure-scr-data/onshore_wind/physical_risk/CONUS13K_Cell_299101_CO_WEIM_OnshoreWind_physical_risks.xlsx
88,lowest,350978,TX,29.25,-95.5,ssp5-8.5,2100,-0.052317,-0.036092,0.052317,0.036092,0.6898713611254468,-0.3101286388745532,observed_factor,gs://infrasure-scr-data/onshore_wind/physical_risk/CONUS13K_Cell_350978_TX_ERCOT_OnshoreWind_physical_risks.xlsx
89,lowest,309128,CA,36.5,-118.0,ssp5-8.5,2100,-0.000744,-0.000514,0.000744,0.000514,0.6908602150537635,-0.3091397849462365,observed_factor,gs://infrasure-scr-data/onshore_wind/physical_risk/CONUS13K_Cell_309128_CA_CAISO_OnshoreWind_physical_risks.xlsx
90,lowest,294766,CO,39.0,-108.5,ssp5-8.5,2085,-0.010265,-0.007096,0.010265,0.007096,0.6912810521188505,-0.3087189478811495,observed_factor,gs://infrasure-scr-data/onshore_wind/physical_risk/CONUS13K_Cell_294766_CO_WEIM_OnshoreWind_physical_risks.xlsx
91,lowest,265949,ID,44.0,-112.75,ssp5-8.5,2090,-0.000133,-9.2e-05,0.000133,9.2e-05,0.6917293233082706,-0.30827067669172936,observed_factor,gs://infrasure-scr-data/onshore_wind/physical_risk/CONUS13K_Cell_265949_ID_WEIM_OnshoreWind_physical_risks.xlsx
92,lowest,337986,TX,31.5,-103.5,ssp5-8.5,2085,-0.000325,-0.000225,0.000325,0.000225,0.6923076923076923,-0.3076923076923077,observed_factor,gs://infrasure-scr-data/onshore_wind/physical_risk/CONUS13K_Cell_337986_TX_ERCOT_OnshoreWind_physical_risks.xlsx
93,lowest,312013,CA,36.0,-116.75,ssp5-8.5,2100,-0.001065,-0.000739,0.001065,0.000739,0.6938967136150235,-0.3061032863849765,observed_factor,gs://infrasure-scr-data/onshore_wind/physical_risk/CONUS13K_Cell_312013_CA_CAISO_OnshoreWind_physical_risks.xlsx
94,lowest,257306,MT,45.5,-113.5,ssp5-8.5,2095,-0.004412,-0.003073,0.004412,0.003073,0.6965095194922938,-0.3034904805077062,observed_factor,gs://infrasure-scr-data/onshore_wind/physical_risk/CONUS13K_Cell_257306_MT_WEIM_OnshoreWind_physical_risks.xlsx
95,lowest,304857,CO,37.25,-105.75,ssp5-8.5,2100,-0.057988,-0.040392,0.057988,0.040392,0.6965579085327999,-0.30344209146720014,observed_factor,gs://infrasure-scr-data/onshore_wind/physical_risk/CONUS13K_Cell_304857_CO_WEIM_OnshoreWind_physical_risks.xlsx
96,lowest,303416,CO,37.5,-106.0,ssp5-8.5,2095,-5.3e-05,-3.7e-05,5.3e-05,3.7e-05,0.6981132075471698,-0.30188679245283023,observed_factor,gs://infrasure-scr-data/onshore_wind/physical_risk/CONUS13K_Cell_303416_CO_WEIM_OnshoreWind_physical_risks.xlsx
97,lowest,300536,CO,38.0,-106.0,ssp5-8.5,2090,-0.000103,-7.2e-05,0.000103,7.2e-05,0.6990291262135923,-0.30097087378640774,observed_factor,gs://infrasure-scr-data/onshore_wind/physical_risk/CONUS13K_Cell_300536_CO_WEIM_OnshoreWind_physical_risks.xlsx
98,lowest,252989,MT,46.25,-112.75,ssp5-8.5,2075,-0.004829,-0.003384,0.004829,0.003384,0.7007662041830607,-0.2992337958169393,observed_factor,gs://infrasure-scr-data/onshore_wind/physical_risk/CONUS13K_Cell_252989_MT_WEIM_OnshoreWind_physical_risks.xlsx
99,lowest,251549,MT,46.5,-112.75,ssp5-8.5,2070,-0.005088,-0.003568,0.005088,0.003568,0.7012578616352202,-0.2987421383647798,observed_factor,gs://infrasure-scr-data/onshore_wind/physical_risk/CONUS13K_Cell_251549_MT_WEIM_OnshoreWind_physical_risks.xlsx
100,lowest,324979,CA,33.75,-115.25,ssp2-4.5,2075,-3.7e-05,-2.6e-05,3.7e-05,2.6e-05,0.7027027027027027,-0.29729729729729726,observed_factor,gs://infrasure-scr-data/onshore_wind/physical_risk/CONUS13K_Cell_324979_CA_CAISO_OnshoreWind_physical_risks.xlsx
1,highest,371199,FL,25.75,-80.25,ssp2-4.5,2100,-1e-06,-0.00038,1e-06,0.00038,380.00000000000006,379.00000000000006,observed_factor,gs://infrasure-scr-data/onshore_wind/physical_risk/CONUS13K_Cell_371199_FL_Non-ISO_FRCC_OnshoreWind_physical_risks.xlsx
2,highest,303351,CA,37.5,-122.25,ssp5-8.5,2100,-3e-07,-9.7e-05,3e-07,9.7e-05,323.33333333333337,322.33333333333337,observed_factor,gs://infrasure-scr-data/onshore_wind/physical_risk/CONUS13K_Cell_303351_CA_CAISO_OnshoreWind_physical_risks.xlsx
3,highest,371199,FL,25.75,-80.25,ssp2-4.5,2095,-1e-06,-0.000311,1e-06,0.000311,311.00000000000006,310.00000000000006,observed_factor,gs://infrasure-scr-data/onshore_wind/physical_risk/CONUS13K_Cell_371199_FL_Non-ISO_FRCC_OnshoreWind_physical_risks.xlsx
4,highest,303351,CA,37.5,-122.25,ssp5-8.5,2095,-3e-07,-8.4e-05,3e-07,8.4e-05,280.0,279.0,observed_factor,gs://infrasure-scr-data/onshore_wind/physical_risk/CONUS13K_Cell_303351_CA_CAISO_OnshoreWind_physical_risks.xlsx
5,highest,303351,CA,37.5,-122.25,ssp5-8.5,2090,-3e-07,-7.2e-05,3e-07,7.2e-05,240.00000000000003,239.00000000000003,observed_factor,gs://infrasure-scr-data/onshore_wind/physical_risk/CONUS13K_Cell_303351_CA_CAISO_OnshoreWind_physical_risks.xlsx
6,highest,371199,FL,25.75,-80.25,ssp2-4.5,2090,-1e-06,-0.000232,1e-06,0.000232,232.0,231.0,observed_factor,gs://infrasure-scr-data/onshore_wind/physical_risk/CONUS13K_Cell_371199_FL_Non-ISO_FRCC_OnshoreWind_physical_risks.xlsx
7,highest,303351,CA,37.5,-122.25,ssp5-8.5,2085,-3e-07,-6e-05,3e-07,6e-05,200.0,199.0,observed_factor,gs://infrasure-scr-data/onshore_wind/physical_risk/CONUS13K_Cell_303351_CA_CAISO_OnshoreWind_physical_risks.xlsx
8,highest,303351,CA,37.5,-122.25,ssp5-8.5,2080,-3e-07,-4.8e-05,3e-07,4.8e-05,160.0,159.0,observed_factor,gs://infrasure-scr-data/onshore_wind/physical_risk/CONUS13K_Cell_303351_CA_CAISO_OnshoreWind_physical_risks.xlsx
9,highest,371199,FL,25.75,-80.25,ssp2-4.5,2085,-1e-06,-0.000148,1e-06,0.000148,148.0,147.0,observed_factor,gs://infrasure-scr-data/onshore_wind/physical_risk/CONUS13K_Cell_371199_FL_Non-ISO_FRCC_OnshoreWind_physical_risks.xlsx
10,highest,345238,LA,30.25,-90.5,ssp2-4.5,2100,-4e-06,-0.000537,4e-06,0.000537,134.25000000000003,133.25000000000003,observed_factor,gs://infrasure-scr-data/onshore_wind/physical_risk/CONUS13K_Cell_345238_LA_MISO_OnshoreWind_physical_risks.xlsx
11,highest,303351,CA,37.5,-122.25,ssp5-8.5,2075,-3e-07,-3.7e-05,3e-07,3.7e-05,123.33333333333333,122.33333333333333,observed_factor,gs://infrasure-scr-data/onshore_wind/physical_risk/CONUS13K_Cell_303351_CA_CAISO_OnshoreWind_physical_risks.xlsx
12,highest,345238,LA,30.25,-90.5,ssp2-4.5,2095,-4e-06,-0.000456,4e-06,0.000456,114.00000000000001,113.00000000000001,observed_factor,gs://infrasure-scr-data/onshore_wind/physical_risk/CONUS13K_Cell_345238_LA_MISO_OnshoreWind_physical_risks.xlsx
13,highest,350996,LA,29.25,-91.0,ssp2-4.5,2100,-6e-06,-0.000599,6e-06,0.000599,99.83333333333334,98.83333333333334,observed_factor,gs://infrasure-scr-data/onshore_wind/physical_risk/CONUS13K_Cell_350996_LA_MISO_OnshoreWind_physical_risks.xlsx
14,highest,345238,LA,30.25,-90.5,ssp2-4.5,2090,-4e-06,-0.000363,4e-06,0.000363,90.75,89.75,observed_factor,gs://infrasure-scr-data/onshore_wind/physical_risk/CONUS13K_Cell_345238_LA_MISO_OnshoreWind_physical_risks.xlsx
15,highest,303351,CA,37.5,-122.25,ssp5-8.5,2070,-3e-07,-2.7e-05,3e-07,2.7e-05,90.0,89.0,observed_factor,gs://infrasure-scr-data/onshore_wind/physical_risk/CONUS13K_Cell_303351_CA_CAISO_OnshoreWind_physical_risks.xlsx
16,highest,350996,LA,29.25,-91.0,ssp2-4.5,2095,-6e-06,-0.000506,6e-06,0.000506,84.33333333333334,83.33333333333334,observed_factor,gs://infrasure-scr-data/onshore_wind/physical_risk/CONUS13K_Cell_350996_LA_MISO_OnshoreWind_physical_risks.xlsx
17,highest,371199,FL,25.75,-80.25,ssp2-4.5,2080,-1e-06,-7.6e-05,1e-06,7.6e-05,76.00000000000001,75.00000000000001,observed_factor,gs://infrasure-scr-data/onshore_wind/physical_risk/CONUS13K_Cell_371199_FL_Non-ISO_FRCC_OnshoreWind_physical_risks.xlsx
18,highest,350996,LA,29.25,-91.0,ssp2-4.5,2090,-6e-06,-0.000399,6e-06,0.000399,66.5,65.5,observed_factor,gs://infrasure-scr-data/onshore_wind/physical_risk/CONUS13K_Cell_350996_LA_MISO_OnshoreWind_physical_risks.xlsx
19,highest,345238,LA,30.25,-90.5,ssp2-4.5,2085,-4e-06,-0.000258,4e-06,0.000258,64.5,63.5,observed_factor,gs://infrasure-scr-data/onshore_wind/physical_risk/CONUS13K_Cell_345238_LA_MISO_OnshoreWind_physical_risks.xlsx
20,highest,303351,CA,37.5,-122.25,ssp5-8.5,2065,-3e-07,-1.7e-05,3e-07,1.7e-05,56.66666666666667,55.66666666666667,observed_factor,gs://infrasure-scr-data/onshore_wind/physical_risk/CONUS13K_Cell_303351_CA_CAISO_OnshoreWind_physical_risks.xlsx
21,highest,350996,LA,29.25,-91.0,ssp2-4.5,2085,-6e-06,-0.00028,6e-06,0.00028,46.666666666666664,45.666666666666664,observed_factor,gs://infrasure-scr-data/onshore_wind/physical_risk/CONUS13K_Cell_350996_LA_MISO_OnshoreWind_physical_risks.xlsx
22,highest,348119,LA,29.75,-90.25,ssp2-4.5,2100,-8e-06,-0.000332,8e-06,0.000332,41.5,40.5,observed_factor,gs://infrasure-scr-data/onshore_wind/physical_risk/CONUS13K_Cell_348119_LA_MISO_OnshoreWind_physical_risks.xlsx
23,highest,338025,LA,31.5,-93.75,ssp2-4.5,2100,-3e-06,-0.000121,3e-06,0.000121,40.333333333333336,39.333333333333336,observed_factor,gs://infrasure-scr-data/onshore_wind/physical_risk/CONUS13K_Cell_338025_LA_MISO_OnshoreWind_physical_risks.xlsx
24,highest,345238,LA,30.25,-90.5,ssp2-4.5,2080,-4e-06,-0.000156,4e-06,0.000156,39.0,38.0,observed_factor,gs://infrasure-scr-data/onshore_wind/physical_risk/CONUS13K_Cell_345238_LA_MISO_OnshoreWind_physical_risks.xlsx
25,highest,348110,LA,29.75,-92.5,ssp5-8.5,2100,-7.3e-05,-0.002705,7.3e-05,0.002705,37.054794520547944,36.054794520547944,observed_factor,gs://infrasure-scr-data/onshore_wind/physical_risk/CONUS13K_Cell_348110_LA_MISO_OnshoreWind_physical_risks.xlsx
26,highest,348119,LA,29.75,-90.25,ssp2-4.5,2095,-8e-06,-0.000285,8e-06,0.000285,35.625,34.625,observed_factor,gs://infrasure-scr-data/onshore_wind/physical_risk/CONUS13K_Cell_348119_LA_MISO_OnshoreWind_physical_risks.xlsx
27,highest,338025,LA,31.5,-93.75,ssp2-4.5,2095,-3e-06,-0.0001,3e-06,0.0001,33.333333333333336,32.333333333333336,observed_factor,gs://infrasure-scr-data/onshore_wind/physical_risk/CONUS13K_Cell_338025_LA_MISO_OnshoreWind_physical_risks.xlsx
28,highest,348110,LA,29.75,-92.5,ssp5-8.5,2095,-7.3e-05,-0.002381,7.3e-05,0.002381,32.61643835616438,31.61643835616438,observed_factor,gs://infrasure-scr-data/onshore_wind/physical_risk/CONUS13K_Cell_348110_LA_MISO_OnshoreWind_physical_risks.xlsx
29,highest,338025,LA,31.5,-93.75,ssp5-8.5,2100,-3e-06,-9.2e-05,3e-06,9.2e-05,30.666666666666664,29.666666666666664,observed_factor,gs://infrasure-scr-data/onshore_wind/physical_risk/CONUS13K_Cell_338025_LA_MISO_OnshoreWind_physical_risks.xlsx
30,highest,371199,FL,25.75,-80.25,ssp2-4.5,2075,-1e-06,-3e-05,1e-06,3e-05,30.000000000000004,29.000000000000004,observed_factor,gs://infrasure-scr-data/onshore_wind/physical_risk/CONUS13K_Cell_371199_FL_Non-ISO_FRCC_OnshoreWind_physical_risks.xlsx
31,highest,303351,CA,37.5,-122.25,ssp5-8.5,2060,-3e-07,-9e-06,3e-07,9e-06,30.000000000000004,29.000000000000004,observed_factor,gs://infrasure-scr-data/onshore_wind/physical_risk/CONUS13K_Cell_303351_CA_CAISO_OnshoreWind_physical_risks.xlsx
32,highest,348119,LA,29.75,-90.25,ssp2-4.5,2090,-8e-06,-0.000232,8e-06,0.000232,29.0,28.0,observed_factor,gs://infrasure-scr-data/onshore_wind/physical_risk/CONUS13K_Cell_348119_LA_MISO_OnshoreWind_physical_risks.xlsx
33,highest,350996,LA,29.25,-91.0,ssp2-4.5,2080,-6e-06,-0.000165,6e-06,0.000165,27.5,26.5,observed_factor,gs://infrasure-scr-data/onshore_wind/physical_risk/CONUS13K_Cell_350996_LA_MISO_OnshoreWind_physical_risks.xlsx
34,highest,348110,LA,29.75,-92.5,ssp5-8.5,2090,-7.3e-05,-0.002007,7.3e-05,0.002007,27.493150684931507,26.493150684931507,observed_factor,gs://infrasure-scr-data/onshore_wind/physical_risk/CONUS13K_Cell_348110_LA_MISO_OnshoreWind_physical_risks.xlsx
35,highest,303351,CA,37.5,-122.25,ssp2-4.5,2100,-3e-07,-8e-06,3e-07,8e-06,26.666666666666668,25.666666666666668,observed_factor,gs://infrasure-scr-data/onshore_wind/physical_risk/CONUS13K_Cell_303351_CA_CAISO_OnshoreWind_physical_risks.xlsx
36,highest,338025,LA,31.5,-93.75,ssp5-8.5,2095,-3e-06,-8e-05,3e-06,8e-05,26.666666666666668,25.666666666666668,observed_factor,gs://infrasure-scr-data/onshore_wind/physical_risk/CONUS13K_Cell_338025_LA_MISO_OnshoreWind_physical_risks.xlsx
37,highest,338025,LA,31.5,-93.75,ssp2-4.5,2090,-3e-06,-7.6e-05,3e-06,7.6e-05,25.333333333333336,24.333333333333336,observed_factor,gs://infrasure-scr-data/onshore_wind/physical_risk/CONUS13K_Cell_338025_LA_MISO_OnshoreWind_physical_risks.xlsx
38,highest,358230,FL,28.0,-82.5,ssp2-4.5,2100,-4e-06,-9.4e-05,4e-06,9.4e-05,23.5,22.5,observed_factor,gs://infrasure-scr-data/onshore_wind/physical_risk/CONUS13K_Cell_358230_FL_Non-ISO_FRCC_OnshoreWind_physical_risks.xlsx
39,highest,303351,CA,37.5,-122.25,ssp2-4.5,2095,-3e-07,-7e-06,3e-07,7e-06,23.333333333333336,22.333333333333336,observed_factor,gs://infrasure-scr-data/onshore_wind/physical_risk/CONUS13K_Cell_303351_CA_CAISO_OnshoreWind_physical_risks.xlsx
40,highest,338025,LA,31.5,-93.75,ssp5-8.5,2090,-3e-06,-6.6e-05,3e-06,6.6e-05,22.0,21.0,observed_factor,gs://infrasure-scr-data/onshore_wind/physical_risk/CONUS13K_Cell_338025_LA_MISO_OnshoreWind_physical_risks.xlsx
41,highest,348110,LA,29.75,-92.5,ssp5-8.5,2085,-7.3e-05,-0.001584,7.3e-05,0.001584,21.6986301369863,20.6986301369863,observed_factor,gs://infrasure-scr-data/onshore_wind/physical_risk/CONUS13K_Cell_348110_LA_MISO_OnshoreWind_physical_risks.xlsx
42,highest,348119,LA,29.75,-90.25,ssp2-4.5,2085,-8e-06,-0.000172,8e-06,0.000172,21.500000000000004,20.500000000000004,observed_factor,gs://infrasure-scr-data/onshore_wind/physical_risk/CONUS13K_Cell_348119_LA_MISO_OnshoreWind_physical_risks.xlsx
43,highest,345239,LA,30.25,-90.25,ssp2-4.5,2100,-1.4e-05,-0.000282,1.4e-05,0.000282,20.142857142857146,19.142857142857146,observed_factor,gs://infrasure-scr-data/onshore_wind/physical_risk/CONUS13K_Cell_345239_LA_MISO_OnshoreWind_physical_risks.xlsx
44,highest,345240,LA,30.25,-90.0,ssp2-4.5,2100,-1.4e-05,-0.000282,1.4e-05,0.000282,20.142857142857146,19.142857142857146,observed_factor,gs://infrasure-scr-data/onshore_wind/physical_risk/CONUS13K_Cell_345240_LA_MISO_OnshoreWind_physical_risks.xlsx
45,highest,303351,CA,37.5,-122.25,ssp2-4.5,2090,-3e-07,-6e-06,3e-07,6e-06,20.0,19.0,observed_factor,gs://infrasure-scr-data/onshore_wind/physical_risk/CONUS13K_Cell_303351_CA_CAISO_OnshoreWind_physical_risks.xlsx
46,highest,358230,FL,28.0,-82.5,ssp2-4.5,2095,-4e-06,-7.8e-05,4e-06,7.8e-05,19.5,18.5,observed_factor,gs://infrasure-scr-data/onshore_wind/physical_risk/CONUS13K_Cell_358230_FL_Non-ISO_FRCC_OnshoreWind_physical_risks.xlsx
47,highest,345238,LA,30.25,-90.5,ssp2-4.5,2075,-4e-06,-7.5e-05,4e-06,7.5e-05,18.75,17.75,observed_factor,gs://infrasure-scr-data/onshore_wind/physical_risk/CONUS13K_Cell_345238_LA_MISO_OnshoreWind_physical_risks.xlsx
48,highest,345239,LA,30.25,-90.25,ssp2-4.5,2095,-1.4e-05,-0.000247,1.4e-05,0.000247,17.642857142857142,16.642857142857142,observed_factor,gs://infrasure-scr-data/onshore_wind/physical_risk/CONUS13K_Cell_345239_LA_MISO_OnshoreWind_physical_risks.xlsx
49,highest,345240,LA,30.25,-90.0,ssp2-4.5,2095,-1.4e-05,-0.000247,1.4e-05,0.000247,17.642857142857142,16.642857142857142,observed_factor,gs://infrasure-scr-data/onshore_wind/physical_risk/CONUS13K_Cell_345240_LA_MISO_OnshoreWind_physical_risks.xlsx
50,highest,303352,CA,37.5,-122.0,ssp5-8.5,2100,-0.002544,-0.044396,0.002544,0.044396,17.45125786163522,16.45125786163522,observed_factor,gs://infrasure-scr-data/onshore_wind/physical_risk/CONUS13K_Cell_303352_CA_CAISO_OnshoreWind_physical_risks.xlsx
51,highest,303351,CA,37.5,-122.25,ssp2-4.5,2085,-3e-07,-5e-06,3e-07,5e-06,16.666666666666668,15.666666666666668,observed_factor,gs://infrasure-scr-data/onshore_wind/physical_risk/CONUS13K_Cell_303351_CA_CAISO_OnshoreWind_physical_risks.xlsx
52,highest,338025,LA,31.5,-93.75,ssp5-8.5,2085,-3e-06,-5e-05,3e-06,5e-05,16.666666666666668,15.666666666666668,observed_factor,gs://infrasure-scr-data/onshore_wind/physical_risk/CONUS13K_Cell_338025_LA_MISO_OnshoreWind_physical_risks.xlsx
53,highest,338025,LA,31.5,-93.75,ssp2-4.5,2085,-3e-06,-4.9e-05,3e-06,4.9e-05,16.333333333333332,15.333333333333332,observed_factor,gs://infrasure-scr-data/onshore_wind/physical_risk/CONUS13K_Cell_338025_LA_MISO_OnshoreWind_physical_risks.xlsx
54,highest,303352,CA,37.5,-122.0,ssp5-8.5,2095,-0.002544,-0.040743,0.002544,0.040743,16.015330188679247,15.015330188679247,observed_factor,gs://infrasure-scr-data/onshore_wind/physical_risk/CONUS13K_Cell_303352_CA_CAISO_OnshoreWind_physical_risks.xlsx
55,highest,348110,LA,29.75,-92.5,ssp5-8.5,2080,-7.3e-05,-0.001152,7.3e-05,0.001152,15.78082191780822,14.78082191780822,observed_factor,gs://infrasure-scr-data/onshore_wind/physical_risk/CONUS13K_Cell_348110_LA_MISO_OnshoreWind_physical_risks.xlsx
56,highest,303352,CA,37.5,-122.0,ssp2-4.5,2100,-0.002405,-0.036774,0.002405,0.036774,15.29064449064449,14.29064449064449,observed_factor,gs://infrasure-scr-data/onshore_wind/physical_risk/CONUS13K_Cell_303352_CA_CAISO_OnshoreWind_physical_risks.xlsx
57,highest,358230,FL,28.0,-82.5,ssp2-4.5,2090,-4e-06,-6e-05,4e-06,6e-05,15.000000000000002,14.000000000000002,observed_factor,gs://infrasure-scr-data/onshore_wind/physical_risk/CONUS13K_Cell_358230_FL_Non-ISO_FRCC_OnshoreWind_physical_risks.xlsx
58,highest,345239,LA,30.25,-90.25,ssp2-4.5,2090,-1.4e-05,-0.000208,1.4e-05,0.000208,14.857142857142856,13.857142857142856,observed_factor,gs://infrasure-scr-data/onshore_wind/physical_risk/CONUS13K_Cell_345239_LA_MISO_OnshoreWind_physical_risks.xlsx
59,highest,345240,LA,30.25,-90.0,ssp2-4.5,2090,-1.4e-05,-0.000208,1.4e-05,0.000208,14.857142857142856,13.857142857142856,observed_factor,gs://infrasure-scr-data/onshore_wind/physical_risk/CONUS13K_Cell_345240_LA_MISO_OnshoreWind_physical_risks.xlsx
60,highest,303352,CA,37.5,-122.0,ssp5-8.5,2090,-0.002544,-0.037048,0.002544,0.037048,14.562893081761006,13.562893081761006,observed_factor,gs://infrasure-scr-data/onshore_wind/physical_risk/CONUS13K_Cell_303352_CA_CAISO_OnshoreWind_physical_risks.xlsx
61,highest,303352,CA,37.5,-122.0,ssp2-4.5,2095,-0.002405,-0.033667,0.002405,0.033667,13.9987525987526,12.9987525987526,observed_factor,gs://infrasure-scr-data/onshore_wind/physical_risk/CONUS13K_Cell_303352_CA_CAISO_OnshoreWind_physical_risks.xlsx
62,highest,348119,LA,29.75,-90.25,ssp2-4.5,2080,-8e-06,-0.000111,8e-06,0.000111,13.875,12.875,observed_factor,gs://infrasure-scr-data/onshore_wind/physical_risk/CONUS13K_Cell_348119_LA_MISO_OnshoreWind_physical_risks.xlsx
63,highest,303351,CA,37.5,-122.25,ssp2-4.5,2080,-3e-07,-4e-06,3e-07,4e-06,13.333333333333334,12.333333333333334,observed_factor,gs://infrasure-scr-data/onshore_wind/physical_risk/CONUS13K_Cell_303351_CA_CAISO_OnshoreWind_physical_risks.xlsx
64,highest,303352,CA,37.5,-122.0,ssp5-8.5,2085,-0.002544,-0.033306,0.002544,0.033306,13.091981132075473,12.091981132075473,observed_factor,gs://infrasure-scr-data/onshore_wind/physical_risk/CONUS13K_Cell_303352_CA_CAISO_OnshoreWind_physical_risks.xlsx
65,highest,350996,LA,29.25,-91.0,ssp2-4.5,2075,-6e-06,-7.7e-05,6e-06,7.7e-05,12.833333333333334,11.833333333333334,observed_factor,gs://infrasure-scr-data/onshore_wind/physical_risk/CONUS13K_Cell_350996_LA_MISO_OnshoreWind_physical_risks.xlsx
66,highest,303352,CA,37.5,-122.0,ssp2-4.5,2090,-0.002405,-0.030513,0.002405,0.030513,12.687318087318086,11.687318087318086,observed_factor,gs://infrasure-scr-data/onshore_wind/physical_risk/CONUS13K_Cell_303352_CA_CAISO_OnshoreWind_physical_risks.xlsx
67,highest,345239,LA,30.25,-90.25,ssp2-4.5,2085,-1.4e-05,-0.000163,1.4e-05,0.000163,11.642857142857144,10.642857142857144,observed_factor,gs://infrasure-scr-data/onshore_wind/physical_risk/CONUS13K_Cell_345239_LA_MISO_OnshoreWind_physical_risks.xlsx
68,highest,345240,LA,30.25,-90.0,ssp2-4.5,2085,-1.4e-05,-0.000163,1.4e-05,0.000163,11.642857142857144,10.642857142857144,observed_factor,gs://infrasure-scr-data/onshore_wind/physical_risk/CONUS13K_Cell_345240_LA_MISO_OnshoreWind_physical_risks.xlsx
69,highest,303352,CA,37.5,-122.0,ssp5-8.5,2080,-0.002544,-0.02951,0.002544,0.02951,11.599842767295598,10.599842767295598,observed_factor,gs://infrasure-scr-data/onshore_wind/physical_risk/CONUS13K_Cell_303352_CA_CAISO_OnshoreWind_physical_risks.xlsx
70,highest,303352,CA,37.5,-122.0,ssp2-4.5,2085,-0.002405,-0.027305,0.002405,0.027305,11.353430353430353,10.353430353430353,observed_factor,gs://infrasure-scr-data/onshore_wind/physical_risk/CONUS13K_Cell_303352_CA_CAISO_OnshoreWind_physical_risks.xlsx
71,highest,338025,LA,31.5,-93.75,ssp5-8.5,2080,-3e-06,-3.3e-05,3e-06,3.3e-05,11.0,10.0,observed_factor,gs://infrasure-scr-data/onshore_wind/physical_risk/CONUS13K_Cell_338025_LA_MISO_OnshoreWind_physical_risks.xlsx
72,highest,348110,LA,29.75,-92.5,ssp2-4.5,2100,-7.1e-05,-0.000776,7.1e-05,0.000776,10.929577464788732,9.929577464788732,observed_factor,gs://infrasure-scr-data/onshore_wind/physical_risk/CONUS13K_Cell_348110_LA_MISO_OnshoreWind_physical_risks.xlsx
73,highest,315055,NC,35.5,-76.25,ssp5-8.5,2100,-0.000148,-0.001601,0.000148,0.001601,10.817567567567568,9.817567567567568,observed_factor,gs://infrasure-scr-data/onshore_wind/physical_risk/CONUS13K_Cell_315055_NC_PJM_OnshoreWind_physical_risks.xlsx
74,highest,348110,LA,29.75,-92.5,ssp5-8.5,2075,-7.3e-05,-0.000781,7.3e-05,0.000781,10.698630136986301,9.698630136986301,observed_factor,gs://infrasure-scr-data/onshore_wind/physical_risk/CONUS13K_Cell_348110_LA_MISO_OnshoreWind_physical_risks.xlsx
75,highest,368319,FL,26.25,-80.25,ssp2-4.5,2100,-1.3e-05,-0.000139,1.3e-05,0.000139,10.692307692307692,9.692307692307692,observed_factor,gs://infrasure-scr-data/onshore_wind/physical_risk/CONUS13K_Cell_368319_FL_Non-ISO_FRCC_OnshoreWind_physical_risks.xlsx
76,highest,358230,FL,28.0,-82.5,ssp2-4.5,2085,-4e-06,-4.1e-05,4e-06,4.1e-05,10.25,9.25,observed_factor,gs://infrasure-scr-data/onshore_wind/physical_risk/CONUS13K_Cell_358230_FL_Non-ISO_FRCC_OnshoreWind_physical_risks.xlsx
77,highest,303352,CA,37.5,-122.0,ssp5-8.5,2075,-0.002544,-0.025654,0.002544,0.025654,10.084119496855347,9.084119496855347,observed_factor,gs://infrasure-scr-data/onshore_wind/physical_risk/CONUS13K_Cell_303352_CA_CAISO_OnshoreWind_physical_risks.xlsx
78,highest,371199,FL,25.75,-80.25,ssp2-4.5,2070,-1e-06,-1e-05,1e-06,1e-05,10.000000000000002,9.000000000000002,observed_factor,gs://infrasure-scr-data/onshore_wind/physical_risk/CONUS13K_Cell_371199_FL_Non-ISO_FRCC_OnshoreWind_physical_risks.xlsx
79,highest,303351,CA,37.5,-122.25,ssp2-4.5,2075,-3e-07,-3e-06,3e-07,3e-06,10.0,9.0,observed_factor,gs://infrasure-scr-data/onshore_wind/physical_risk/CONUS13K_Cell_303351_CA_CAISO_OnshoreWind_physical_risks.xlsx
80,highest,303351,CA,37.5,-122.25,ssp5-8.5,2055,-3e-07,-3e-06,3e-07,3e-06,10.0,9.0,observed_factor,gs://infrasure-scr-data/onshore_wind/physical_risk/CONUS13K_Cell_303351_CA_CAISO_OnshoreWind_physical_risks.xlsx
81,highest,303352,CA,37.5,-122.0,ssp2-4.5,2080,-0.002405,-0.024036,0.002405,0.024036,9.994178794178794,8.994178794178794,observed_factor,gs://infrasure-scr-data/onshore_wind/physical_risk/CONUS13K_Cell_303352_CA_CAISO_OnshoreWind_physical_risks.xlsx
82,highest,348110,LA,29.75,-92.5,ssp2-4.5,2095,-7.1e-05,-0.000699,7.1e-05,0.000699,9.84507042253521,8.84507042253521,observed_factor,gs://infrasure-scr-data/onshore_wind/physical_risk/CONUS13K_Cell_348110_LA_MISO_OnshoreWind_physical_risks.xlsx
83,highest,315055,NC,35.5,-76.25,ssp5-8.5,2095,-0.000148,-0.00143,0.000148,0.00143,9.662162162162163,8.662162162162163,observed_factor,gs://infrasure-scr-data/onshore_wind/physical_risk/CONUS13K_Cell_315055_NC_PJM_OnshoreWind_physical_risks.xlsx
84,highest,345239,LA,30.25,-90.25,ssp5-8.5,2100,-1.1e-05,-0.000105,1.1e-05,0.000105,9.545454545454547,8.545454545454547,observed_factor,gs://infrasure-scr-data/onshore_wind/physical_risk/CONUS13K_Cell_345239_LA_MISO_OnshoreWind_physical_risks.xlsx
85,highest,345240,LA,30.25,-90.0,ssp5-8.5,2100,-1.1e-05,-0.000105,1.1e-05,0.000105,9.545454545454547,8.545454545454547,observed_factor,gs://infrasure-scr-data/onshore_wind/physical_risk/CONUS13K_Cell_345240_LA_MISO_OnshoreWind_physical_risks.xlsx
86,highest,362550,FL,27.25,-82.5,ssp2-4.5,2100,-7e-05,-0.000663,7e-05,0.000663,9.471428571428572,8.471428571428572,observed_factor,gs://infrasure-scr-data/onshore_wind/physical_risk/CONUS13K_Cell_362550_FL_Non-ISO_FRCC_OnshoreWind_physical_risks.xlsx
87,highest,369759,FL,26.0,-80.25,ssp2-4.5,2100,-1.5e-05,-0.00014,1.5e-05,0.00014,9.333333333333332,8.333333333333332,observed_factor,gs://infrasure-scr-data/onshore_wind/physical_risk/CONUS13K_Cell_369759_FL_Non-ISO_FRCC_OnshoreWind_physical_risks.xlsx
88,highest,368319,FL,26.25,-80.25,ssp2-4.5,2095,-1.3e-05,-0.000117,1.3e-05,0.000117,9.0,8.0,observed_factor,gs://infrasure-scr-data/onshore_wind/physical_risk/CONUS13K_Cell_368319_FL_Non-ISO_FRCC_OnshoreWind_physical_risks.xlsx
89,highest,345239,LA,30.25,-90.25,ssp5-8.5,2095,-1.1e-05,-9.8e-05,1.1e-05,9.8e-05,8.909090909090908,7.909090909090908,observed_factor,gs://infrasure-scr-data/onshore_wind/physical_risk/CONUS13K_Cell_345239_LA_MISO_OnshoreWind_physical_risks.xlsx
90,highest,345240,LA,30.25,-90.0,ssp5-8.5,2095,-1.1e-05,-9.8e-05,1.1e-05,9.8e-05,8.909090909090908,7.909090909090908,observed_factor,gs://infrasure-scr-data/onshore_wind/physical_risk/CONUS13K_Cell_345240_LA_MISO_OnshoreWind_physical_risks.xlsx
91,highest,303352,CA,37.5,-122.0,ssp2-4.5,2075,-0.002405,-0.020701,0.002405,0.020701,8.607484407484408,7.607484407484408,observed_factor,gs://infrasure-scr-data/onshore_wind/physical_risk/CONUS13K_Cell_303352_CA_CAISO_OnshoreWind_physical_risks.xlsx
92,highest,348110,LA,29.75,-92.5,ssp2-4.5,2090,-7.1e-05,-0.000611,7.1e-05,0.000611,8.6056338028169,7.6056338028169,observed_factor,gs://infrasure-scr-data/onshore_wind/physical_risk/CONUS13K_Cell_348110_LA_MISO_OnshoreWind_physical_risks.xlsx
93,highest,303352,CA,37.5,-122.0,ssp5-8.5,2070,-0.002544,-0.021735,0.002544,0.021735,8.543632075471699,7.543632075471699,observed_factor,gs://infrasure-scr-data/onshore_wind/physical_risk/CONUS13K_Cell_303352_CA_CAISO_OnshoreWind_physical_risks.xlsx
94,highest,315055,NC,35.5,-76.25,ssp5-8.5,2090,-0.000148,-0.001234,0.000148,0.001234,8.337837837837839,7.337837837837839,observed_factor,gs://infrasure-scr-data/onshore_wind/physical_risk/CONUS13K_Cell_315055_NC_PJM_OnshoreWind_physical_risks.xlsx
95,highest,338025,LA,31.5,-93.75,ssp2-4.5,2080,-3e-06,-2.5e-05,3e-06,2.5e-05,8.333333333333334,7.333333333333334,observed_factor,gs://infrasure-scr-data/onshore_wind/physical_risk/CONUS13K_Cell_338025_LA_MISO_OnshoreWind_physical_risks.xlsx
96,highest,345239,LA,30.25,-90.25,ssp2-4.5,2080,-1.4e-05,-0.000116,1.4e-05,0.000116,8.285714285714286,7.2857142857142865,observed_factor,gs://infrasure-scr-data/onshore_wind/physical_risk/CONUS13K_Cell_345239_LA_MISO_OnshoreWind_physical_risks.xlsx
97,highest,345240,LA,30.25,-90.0,ssp2-4.5,2080,-1.4e-05,-0.000116,1.4e-05,0.000116,8.285714285714286,7.2857142857142865,observed_factor,gs://infrasure-scr-data/onshore_wind/physical_risk/CONUS13K_Cell_345240_LA_MISO_OnshoreWind_physical_risks.xlsx
98,highest,345239,LA,30.25,-90.25,ssp5-8.5,2090,-1.1e-05,-9.1e-05,1.1e-05,9.1e-05,8.272727272727273,7.272727272727273,observed_factor,gs://infrasure-scr-data/onshore_wind/physical_risk/CONUS13K_Cell_345239_LA_MISO_OnshoreWind_physical_risks.xlsx
99,highest,345240,LA,30.25,-90.0,ssp5-8.5,2090,-1.1e-05,-9.1e-05,1.1e-05,9.1e-05,8.272727272727273,7.272727272727273,observed_factor,gs://infrasure-scr-data/onshore_wind/physical_risk/CONUS13K_Cell_345240_LA_MISO_OnshoreWind_physical_risks.xlsx
100,highest,362550,FL,27.25,-82.5,ssp2-4.5,2095,-7e-05,-0.000567,7e-05,0.000567,8.100000000000001,7.100000000000001,observed_factor,gs://infrasure-scr-data/onshore_wind/physical_risk/CONUS13K_Cell_362550_FL_Non-ISO_FRCC_OnshoreWind_physical_risks.xlsx
