cell_id,lat_idx,lon_idx,lat_center,lon_center,state_abbr
237163,164,1003,49.0,-109.25,MT
237220,164,1060,49.0,-95.0,MN
237221,164,1061,49.0,-94.75,MN
238579,165,979,48.75,-115.25,MT
238591,165,991,48.75,-112.25,MT
238594,165,994,48.75,-111.5,MT
238597,165,997,48.75,-110.75,MT
238598,165,998,48.75,-110.5,MT
238599,165,999,48.75,-110.25,MT
238600,165,1000,48.75,-110.0,MT
238601,165,1001,48.75,-109.75,MT
238608,165,1008,48.75,-108.0,MT
238613,165,1013,48.75,-106.75,MT
238614,165,1014,48.75,-106.5,MT
238617,165,1017,48.75,-105.75,MT
238618,165,1018,48.75,-105.5,MT
238620,165,1020,48.75,-105.0,MT
238623,165,1023,48.75,-104.25,MT
238655,165,1055,48.75,-96.25,MN
240032,166,992,48.5,-112.0,MT
240033,166,993,48.5,-111.75,MT
240034,166,994,48.5,-111.5,MT
240035,166,995,48.5,-111.25,MT
240036,166,996,48.5,-111.0,MT
240037,166,997,48.5,-110.75,MT
240038,166,998,48.5,-110.5,MT
240039,166,999,48.5,-110.25,MT
240040,166,1000,48.5,-110.0,MT
240043,166,1003,48.5,-109.25,MT
240044,166,1004,48.5,-109.0,MT
240053,166,1013,48.5,-106.75,MT
240057,166,1017,48.5,-105.75,MT
240059,166,1019,48.5,-105.25,MT
241431,167,951,48.25,-122.25,WA
241453,167,973,48.25,-116.75,ID
241474,167,994,48.25,-111.5,MT
241475,167,995,48.25,-111.25,MT
241479,167,999,48.25,-110.25,MT
241494,167,1014,48.25,-106.5,MT
241495,167,1015,48.25,-106.25,MT
241497,167,1017,48.25,-105.75,MT
241498,167,1018,48.25,-105.5,MT
241499,167,1019,48.25,-105.25,MT
241500,167,1020,48.25,-105.0,MT
241505,167,1025,48.25,-103.75,ND
241516,167,1036,48.25,-101.0,ND
241519,167,1039,48.25,-100.25,ND
241543,167,1063,48.25,-94.25,MN
242913,168,993,48.0,-111.75,MT
242915,168,995,48.0,-111.25,MT
242916,168,996,48.0,-111.0,MT
242933,168,1013,48.0,-106.75,MT
242937,168,1017,48.0,-105.75,MT
242941,168,1021,48.0,-104.75,MT
242945,168,1025,48.0,-103.75,ND
242947,168,1027,48.0,-103.25,ND
242980,168,1060,48.0,-95.0,MN
243000,168,1080,48.0,-90.0,MN
244345,169,985,47.75,-113.75,MT
244346,169,986,47.75,-113.5,MT
244352,169,992,47.75,-112.0,MT
244353,169,993,47.75,-111.75,MT
244354,169,994,47.75,-111.5,MT
244356,169,996,47.75,-111.0,MT
244359,169,999,47.75,-110.25,MT
244360,169,1000,47.75,-110.0,MT
244370,169,1010,47.75,-107.5,MT
244374,169,1014,47.75,-106.5,MT
244375,169,1015,47.75,-106.25,MT
244376,169,1016,47.75,-106.0,MT
244378,169,1018,47.75,-105.5,MT
244380,169,1020,47.75,-105.0,MT
244385,169,1025,47.75,-103.75,ND
245796,170,996,47.5,-111.0,MT
245814,170,1014,47.5,-106.5,MT
245816,170,1016,47.5,-106.0,MT
245817,170,1017,47.5,-105.75,MT
245818,170,1018,47.5,-105.5,MT
245819,170,1019,47.5,-105.25,MT
245831,170,1031,47.5,-102.25,ND
245853,170,1053,47.5,-96.75,MN
245863,170,1063,47.5,-94.25,MN
247190,171,950,47.25,-122.5,WA
247245,171,1005,47.25,-108.75,MT
247250,171,1010,47.25,-107.5,MT
247251,171,1011,47.25,-107.25,MT
247252,171,1012,47.25,-107.0,MT
247253,171,1013,47.25,-106.75,MT
247255,171,1015,47.25,-106.25,MT
247256,171,1016,47.25,-106.0,MT
247257,171,1017,47.25,-105.75,MT
247263,171,1023,47.25,-104.25,MT
247264,171,1024,47.25,-104.0,ND
247269,171,1029,47.25,-102.75,ND
247270,171,1030,47.25,-102.5,ND
247271,171,1031,47.25,-102.25,ND
247274,171,1034,47.25,-101.5,ND
247285,171,1045,47.25,-98.75,ND
248645,172,965,47.0,-118.75,WA
248658,172,978,47.0,-115.5,ID
248690,172,1010,47.0,-107.5,MT
248693,172,1013,47.0,-106.75,MT
248694,172,1014,47.0,-106.5,MT
248695,172,1015,47.0,-106.25,MT
248696,172,1016,47.0,-106.0,MT
248697,172,1017,47.0,-105.75,MT
248698,172,1018,47.0,-105.5,MT
248699,172,1019,47.0,-105.25,MT
248700,172,1020,47.0,-105.0,MT
248702,172,1022,47.0,-104.5,MT
248710,172,1030,47.0,-102.5,ND
248715,172,1035,47.0,-101.25,ND
248722,172,1042,47.0,-99.5,ND
250082,173,962,46.75,-119.5,WA
250111,173,991,46.75,-112.25,MT
250118,173,998,46.75,-110.5,MT
250127,173,1007,46.75,-108.25,MT
250133,173,1013,46.75,-106.75,MT
250134,173,1014,46.75,-106.5,MT
250136,173,1016,46.75,-106.0,MT
250137,173,1017,46.75,-105.75,MT
250138,173,1018,46.75,-105.5,MT
250152,173,1032,46.75,-102.0,ND
250155,173,1035,46.75,-101.25,ND
250156,173,1036,46.75,-101.0,ND
250174,173,1054,46.75,-96.5,MN
251521,174,961,46.5,-119.75,WA
251522,174,962,46.5,-119.5,WA
251560,174,1000,46.5,-110.0,MT
251564,174,1004,46.5,-109.0,MT
251570,174,1010,46.5,-107.5,MT
251571,174,1011,46.5,-107.25,MT
251579,174,1019,46.5,-105.25,MT
251580,174,1020,46.5,-105.0,MT
251581,174,1021,46.5,-104.75,MT
251593,174,1033,46.5,-101.75,ND
251594,174,1034,46.5,-101.5,ND
251645,174,1085,46.5,-88.75,MI
252954,175,954,46.25,-121.5,WA
252973,175,973,46.25,-116.75,ID
252984,175,984,46.25,-114.0,MT
252989,175,989,46.25,-112.75,MT
253004,175,1004,46.25,-109.0,MT
253008,175,1008,46.25,-108.0,MT
253010,175,1010,46.25,-107.5,MT
253016,175,1016,46.25,-106.0,MT
253040,175,1040,46.25,-100.0,ND
253041,175,1041,46.25,-99.75,ND
253042,175,1042,46.25,-99.5,ND
253065,175,1065,46.25,-93.75,MN
253090,175,1090,46.25,-87.5,MI
254399,176,959,46.0,-120.25,WA
254440,176,1000,46.0,-110.0,MT
254443,176,1003,46.0,-109.25,MT
254468,176,1028,46.0,-103.0,ND
254469,176,1029,46.0,-102.75,ND
254477,176,1037,46.0,-100.75,ND
254484,176,1044,46.0,-99.0,ND
254489,176,1049,46.0,-97.75,ND
255847,177,967,45.75,-118.25,OR
255922,177,1042,45.75,-99.5,SD
255930,177,1050,45.75,-97.5,SD
255950,177,1070,45.75,-92.5,WI
256041,177,1161,45.75,-69.75,ME
256046,177,1166,45.75,-68.5,ME
257277,178,957,45.5,-120.75,OR
257372,178,1052,45.5,-97.0,SD
257393,178,1073,45.5,-91.75,WI
258763,179,1003,45.25,-109.25,MT
258786,179,1026,45.25,-103.5,SD
258788,179,1028,45.25,-103.0,SD
258804,179,1044,45.25,-99.0,SD
258806,179,1046,45.25,-98.5,SD
258808,179,1048,45.25,-98.0,SD
260183,180,983,45.0,-114.25,ID
260224,180,1024,45.0,-104.0,SD
260225,180,1025,45.0,-103.75,SD
260267,180,1067,45.0,-93.25,MN
260270,180,1070,45.0,-92.5,WI
260277,180,1077,45.0,-90.75,WI
260279,180,1079,45.0,-90.25,WI
260288,180,1088,45.0,-88.0,WI
261628,181,988,44.75,-113.0,MT
261664,181,1024,44.75,-104.0,SD
261668,181,1028,44.75,-103.0,SD
261704,181,1064,44.75,-94.0,MN
261715,181,1075,44.75,-91.25,WI
263065,182,985,44.5,-113.75,ID
263076,182,996,44.5,-111.0,WY
263085,182,1005,44.5,-108.75,WY
263089,182,1009,44.5,-107.75,WY
263181,182,1101,44.5,-84.75,MI
264487,183,967,44.25,-118.25,OR
264506,183,986,44.25,-113.5,ID
264524,183,1004,44.25,-109.0,WY
264525,183,1005,44.25,-108.75,WY
264534,183,1014,44.25,-106.5,WY
264537,183,1017,44.25,-105.75,WY
264568,183,1048,44.25,-98.0,SD
264569,183,1049,44.25,-97.75,SD
264570,183,1050,44.25,-97.5,SD
264609,183,1089,44.25,-87.75,WI
264667,183,1147,44.25,-73.25,VT
265969,184,1009,44.0,-107.75,WY
265974,184,1014,44.0,-106.5,WY
265975,184,1015,44.0,-106.25,WY
265976,184,1016,44.0,-106.0,WY
265978,184,1018,44.0,-105.5,WY
265979,184,1019,44.0,-105.25,WY
265981,184,1021,44.0,-104.75,WY
266009,184,1049,44.0,-97.75,SD
266024,184,1064,44.0,-94.0,MN
266046,184,1086,44.0,-88.5,WI
267357,185,957,43.75,-120.75,OR
267358,185,958,43.75,-120.5,OR
267371,185,971,43.75,-117.25,OR
267389,185,989,43.75,-112.75,ID
267390,185,990,43.75,-112.5,ID
267391,185,991,43.75,-112.25,ID
267407,185,1007,43.75,-108.25,WY
267409,185,1009,43.75,-107.75,WY
267413,185,1013,43.75,-106.75,WY
267414,185,1014,43.75,-106.5,WY
267416,185,1016,43.75,-106.0,WY
267417,185,1017,43.75,-105.75,WY
267420,185,1020,43.75,-105.0,WY
267422,185,1022,43.75,-104.5,WY
267428,185,1028,43.75,-103.0,SD
267433,185,1033,43.75,-101.75,SD
267444,185,1044,43.75,-99.0,SD
267445,185,1045,43.75,-98.75,SD
267446,185,1046,43.75,-98.5,SD
267469,185,1069,43.75,-92.75,MN
267504,185,1104,43.75,-84.0,MI
268805,186,965,43.5,-118.75,OR
268810,186,970,43.5,-117.5,OR
268828,186,988,43.5,-113.0,ID
268844,186,1004,43.5,-109.0,WY
268854,186,1014,43.5,-106.5,WY
268855,186,1015,43.5,-106.25,WY
268856,186,1016,43.5,-106.0,WY
268857,186,1017,43.5,-105.75,WY
268858,186,1018,43.5,-105.5,WY
268860,186,1020,43.5,-105.0,WY
268861,186,1021,43.5,-104.75,WY
268862,186,1022,43.5,-104.5,WY
268863,186,1023,43.5,-104.25,WY
268884,186,1044,43.5,-99.0,SD
270249,187,969,43.25,-117.75,OR
270252,187,972,43.25,-117.0,ID
270257,187,977,43.25,-115.75,ID
270263,187,983,43.25,-114.25,ID
270267,187,987,43.25,-113.25,ID
270268,187,988,43.25,-113.0,ID
270269,187,989,43.25,-112.75,ID
270285,187,1005,43.25,-108.75,WY
270292,187,1012,43.25,-107.0,WY
270293,187,1013,43.25,-106.75,WY
270295,187,1015,43.25,-106.25,WY
270297,187,1017,43.25,-105.75,WY
270299,187,1019,43.25,-105.25,WY
270301,187,1021,43.25,-104.75,WY
270304,187,1024,43.25,-104.0,SD
270354,187,1074,43.25,-91.5,IA
270355,187,1075,43.25,-91.25,IA
270389,187,1109,43.25,-82.75,MI
271678,188,958,43.0,-120.5,OR
271679,188,959,43.0,-120.25,OR
271680,188,960,43.0,-120.0,OR
271681,188,961,43.0,-119.75,OR
271682,188,962,43.0,-119.5,OR
271687,188,967,43.0,-118.25,OR
271688,188,968,43.0,-118.0,OR
271695,188,975,43.0,-116.25,ID
271705,188,985,43.0,-113.75,ID
271707,188,987,43.0,-113.25,ID
271708,188,988,43.0,-113.0,ID
271728,188,1008,43.0,-108.0,WY
271729,188,1009,43.0,-107.75,WY
271731,188,1011,43.0,-107.25,WY
271732,188,1012,43.0,-107.0,WY
271733,188,1013,43.0,-106.75,WY
271735,188,1015,43.0,-106.25,WY
271736,188,1016,43.0,-106.0,WY
271737,188,1017,43.0,-105.75,WY
271738,188,1018,43.0,-105.5,WY
271739,188,1019,43.0,-105.25,WY
271741,188,1021,43.0,-104.75,WY
271762,188,1042,43.0,-99.5,SD
271808,188,1088,43.0,-88.0,WI
271824,188,1104,43.0,-84.0,MI
271865,188,1145,43.0,-73.75,NY
273122,189,962,42.75,-119.5,OR
273127,189,967,42.75,-118.25,OR
273129,189,969,42.75,-117.75,OR
273130,189,970,42.75,-117.5,OR
273139,189,979,42.75,-115.25,ID
273140,189,980,42.75,-115.0,ID
273143,189,983,42.75,-114.25,ID
273167,189,1007,42.75,-108.25,WY
273168,189,1008,42.75,-108.0,WY
273169,189,1009,42.75,-107.75,WY
273173,189,1013,42.75,-106.75,WY
273194,189,1034,42.75,-101.5,NE
273196,189,1036,42.75,-101.0,NE
273293,189,1133,42.75,-76.75,NY
274562,190,962,42.5,-119.5,OR
274563,190,963,42.5,-119.25,OR
274564,190,964,42.5,-119.0,OR
274568,190,968,42.5,-118.0,OR
274569,190,969,42.5,-117.75,OR
274570,190,970,42.5,-117.5,OR
274571,190,971,42.5,-117.25,OR
274574,190,974,42.5,-116.5,ID
274575,190,975,42.5,-116.25,ID
274579,190,979,42.5,-115.25,ID
274580,190,980,42.5,-115.0,ID
274601,190,1001,42.5,-109.75,WY
274602,190,1002,42.5,-109.5,WY
274609,190,1009,42.5,-107.75,WY
274610,190,1010,42.5,-107.5,WY
274611,190,1011,42.5,-107.25,WY
274624,190,1024,42.5,-104.0,NE
274625,190,1025,42.5,-103.75,NE
274631,190,1031,42.5,-102.25,NE
274632,190,1032,42.5,-102.0,NE
274633,190,1033,42.5,-101.75,NE
274635,190,1035,42.5,-101.25,NE
274636,190,1036,42.5,-101.0,NE
274645,190,1045,42.5,-98.75,NE
274646,190,1046,42.5,-98.5,NE
274671,190,1071,42.5,-92.25,IA
274677,190,1077,42.5,-90.75,IA
274707,190,1107,42.5,-83.25,MI
274708,190,1108,42.5,-83.0,MI
276003,191,963,42.25,-119.25,OR
276004,191,964,42.25,-119.0,OR
276006,191,966,42.25,-118.5,OR
276009,191,969,42.25,-117.75,OR
276010,191,970,42.25,-117.5,OR
276012,191,972,42.25,-117.0,ID
276018,191,978,42.25,-115.5,ID
276044,191,1004,42.25,-109.0,WY
276045,191,1005,42.25,-108.75,WY
276047,191,1007,42.25,-108.25,WY
276048,191,1008,42.25,-108.0,WY
276054,191,1014,42.25,-106.5,WY
276055,191,1015,42.25,-106.25,WY
276056,191,1016,42.25,-106.0,WY
276062,191,1022,42.25,-104.5,WY
276066,191,1026,42.25,-103.5,NE
276074,191,1034,42.25,-101.5,NE
276080,191,1040,42.25,-100.0,NE
276081,191,1041,42.25,-99.75,NE
276083,191,1043,42.25,-99.25,NE
276098,191,1058,42.25,-95.5,IA
276145,191,1105,42.25,-83.75,MI
277442,192,962,42.0,-119.5,OR
277443,192,963,42.0,-119.25,OR
277444,192,964,42.0,-119.0,OR
277446,192,966,42.0,-118.5,OR
277451,192,971,42.0,-117.25,OR
277452,192,972,42.0,-117.0,NV
277453,192,973,42.0,-116.75,NV
277454,192,974,42.0,-116.5,ID
277468,192,988,42.0,-113.0,ID
277481,192,1001,42.0,-109.75,WY
277482,192,1002,42.0,-109.5,WY
277486,192,1006,42.0,-108.5,WY
277487,192,1007,42.0,-108.25,WY
277489,192,1009,42.0,-107.75,WY
277490,192,1010,42.0,-107.5,WY
277492,192,1012,42.0,-107.0,WY
277493,192,1013,42.0,-106.75,WY
277495,192,1015,42.0,-106.25,WY
277496,192,1016,42.0,-106.0,WY
277501,192,1021,42.0,-104.75,WY
277502,192,1022,42.0,-104.5,WY
277506,192,1026,42.0,-103.5,NE
277539,192,1059,42.0,-95.25,IA
277545,192,1065,42.0,-93.75,IA
277557,192,1077,42.0,-90.75,IA
277560,192,1080,42.0,-90.0,IL
277568,192,1088,42.0,-88.0,IL
277569,192,1089,42.0,-87.75,IL
278886,193,966,41.75,-118.5,NV
278889,193,969,41.75,-117.75,NV
278891,193,971,41.75,-117.25,NV
278892,193,972,41.75,-117.0,NV
278893,193,973,41.75,-116.75,NV
278894,193,974,41.75,-116.5,NV
278903,193,983,41.75,-114.25,NV
278907,193,987,41.75,-113.25,UT
278924,193,1004,41.75,-109.0,WY
278925,193,1005,41.75,-108.75,WY
278926,193,1006,41.75,-108.5,WY
278928,193,1008,41.75,-108.0,WY
278929,193,1009,41.75,-107.75,WY
278931,193,1011,41.75,-107.25,WY
278932,193,1012,41.75,-107.0,WY
278935,193,1015,41.75,-106.25,WY
278936,193,1016,41.75,-106.0,WY
278937,193,1017,41.75,-105.75,WY
278941,193,1021,41.75,-104.75,WY
278944,193,1024,41.75,-104.0,NE
278949,193,1029,41.75,-102.75,NE
278952,193,1032,41.75,-102.0,NE
278955,193,1035,41.75,-101.25,NE
279008,193,1088,41.75,-88.0,IL
279009,193,1089,41.75,-87.75,IL
279025,193,1105,41.75,-83.75,MI
279026,193,1106,41.75,-83.5,MI
280323,194,963,41.5,-119.25,NV
280325,194,965,41.5,-118.75,NV
280328,194,968,41.5,-118.0,NV
280333,194,973,41.5,-116.75,NV
280334,194,974,41.5,-116.5,NV
280338,194,978,41.5,-115.5,NV
280341,194,981,41.5,-114.75,NV
280346,194,986,41.5,-113.5,UT
280347,194,987,41.5,-113.25,UT
280348,194,988,41.5,-113.0,UT
280351,194,991,41.5,-112.25,UT
280359,194,999,41.5,-110.25,WY
280360,194,1000,41.5,-110.0,WY
280365,194,1005,41.5,-108.75,WY
280369,194,1009,41.5,-107.75,WY
280376,194,1016,41.5,-106.0,WY
280380,194,1020,41.5,-105.0,WY
280381,194,1021,41.5,-104.75,WY
280390,194,1030,41.5,-102.5,NE
280396,194,1036,41.5,-101.0,NE
280413,194,1053,41.5,-96.75,NE
280418,194,1058,41.5,-95.5,IA
280419,194,1059,41.5,-95.25,IA
280420,194,1060,41.5,-95.0,IA
280421,194,1061,41.5,-94.75,IA
280433,194,1073,41.5,-91.75,IA
280465,194,1105,41.5,-83.75,OH
280466,194,1106,41.5,-83.5,OH
280467,194,1107,41.5,-83.25,OH
281765,195,965,41.25,-118.75,NV
281767,195,967,41.25,-118.25,NV
281770,195,970,41.25,-117.5,NV
281771,195,971,41.25,-117.25,NV
281778,195,978,41.25,-115.5,NV
281782,195,982,41.25,-114.5,NV
281783,195,983,41.25,-114.25,NV
281785,195,985,41.25,-113.75,UT
281786,195,986,41.25,-113.5,UT
281787,195,987,41.25,-113.25,UT
281789,195,989,41.25,-112.75,UT
281801,195,1001,41.25,-109.75,WY
281805,195,1005,41.25,-108.75,WY
281807,195,1007,41.25,-108.25,WY
281821,195,1021,41.25,-104.75,WY
281824,195,1024,41.25,-104.0,NE
281830,195,1030,41.25,-102.5,NE
281834,195,1034,41.25,-101.5,NE
281835,195,1035,41.25,-101.25,NE
281858,195,1058,41.25,-95.5,IA
281861,195,1061,41.25,-94.75,IA
281862,195,1062,41.25,-94.5,IA
281932,195,1132,41.25,-77.0,PA
283203,196,963,41.0,-119.25,NV
283204,196,964,41.0,-119.0,NV
283205,196,965,41.0,-118.75,NV
283206,196,966,41.0,-118.5,NV
283207,196,967,41.0,-118.25,NV
283208,196,968,41.0,-118.0,NV
283212,196,972,41.0,-117.0,NV
283213,196,973,41.0,-116.75,NV
283214,196,974,41.0,-116.5,NV
283221,196,981,41.0,-114.75,NV
283225,196,985,41.0,-113.75,UT
283226,196,986,41.0,-113.5,UT
283230,196,990,41.0,-112.5,UT
283259,196,1019,41.0,-105.25,WY
283260,196,1020,41.0,-105.0,CO
283262,196,1022,41.0,-104.5,CO
283264,196,1024,41.0,-104.0,CO
283266,196,1026,41.0,-103.5,CO
283268,196,1028,41.0,-103.0,CO
283269,196,1029,41.0,-102.75,CO
283270,196,1030,41.0,-102.5,CO
283284,196,1044,41.0,-99.0,NE
283321,196,1081,41.0,-89.75,IL
283336,196,1096,41.0,-86.0,IN
283340,196,1100,41.0,-85.0,IN
283345,196,1105,41.0,-83.75,OH
283346,196,1106,41.0,-83.5,OH
284643,197,963,40.75,-119.25,NV
284644,197,964,40.75,-119.0,NV
284645,197,965,40.75,-118.75,NV
284646,197,966,40.75,-118.5,NV
284647,197,967,40.75,-118.25,NV
284648,197,968,40.75,-118.0,NV
284650,197,970,40.75,-117.5,NV
284651,197,971,40.75,-117.25,NV
284662,197,982,40.75,-114.5,NV
284664,197,984,40.75,-114.0,UT
284665,197,985,40.75,-113.75,UT
284666,197,986,40.75,-113.5,UT
284670,197,990,40.75,-112.5,UT
284671,197,991,40.75,-112.25,UT
284686,197,1006,40.75,-108.5,CO
284688,197,1008,40.75,-108.0,CO
284701,197,1021,40.75,-104.75,CO
284702,197,1022,40.75,-104.5,CO
284703,197,1023,40.75,-104.25,CO
284704,197,1024,40.75,-104.0,CO
284705,197,1025,40.75,-103.75,CO
284706,197,1026,40.75,-103.5,CO
284712,197,1032,40.75,-102.0,NE
284749,197,1069,40.75,-92.75,IA
284780,197,1100,40.75,-85.0,IN
284782,197,1102,40.75,-84.5,OH
284783,197,1103,40.75,-84.25,OH
284785,197,1105,40.75,-83.75,OH
284786,197,1106,40.75,-83.5,OH
284826,197,1146,40.75,-73.5,NY
284827,197,1147,40.75,-73.25,NY
286081,198,961,40.5,-119.75,NV
286084,198,964,40.5,-119.0,NV
286086,198,966,40.5,-118.5,NV
286088,198,968,40.5,-118.0,NV
286091,198,971,40.5,-117.25,NV
286092,198,972,40.5,-117.0,NV
286100,198,980,40.5,-115.0,NV
286105,198,985,40.5,-113.75,UT
286106,198,986,40.5,-113.5,UT
286107,198,987,40.5,-113.25,UT
286144,198,1024,40.5,-104.0,CO
286145,198,1025,40.5,-103.75,CO
286198,198,1078,40.5,-90.5,IL
286222,198,1102,40.5,-84.5,OH
286223,198,1103,40.5,-84.25,OH
286224,198,1104,40.5,-84.0,OH
286225,198,1105,40.5,-83.75,OH
287520,199,960,40.25,-120.0,CA
287528,199,968,40.25,-118.0,NV
287529,199,969,40.25,-117.75,NV
287533,199,973,40.25,-116.75,NV
287535,199,975,40.25,-116.25,NV
287545,199,985,40.25,-113.75,UT
287546,199,986,40.25,-113.5,UT
287547,199,987,40.25,-113.25,UT
287551,199,991,40.25,-112.25,UT
287552,199,992,40.25,-112.0,UT
287553,199,993,40.25,-111.75,UT
287566,199,1006,40.25,-108.5,CO
287583,199,1023,40.25,-104.25,CO
287586,199,1026,40.25,-103.5,CO
287587,199,1027,40.25,-103.25,CO
287588,199,1028,40.25,-103.0,CO
287636,199,1076,40.25,-91.0,IL
287652,199,1092,40.25,-87.0,IN
287655,199,1095,40.25,-86.25,IN
287662,199,1102,40.25,-84.5,OH
287664,199,1104,40.25,-84.0,OH
287669,199,1109,40.25,-82.75,OH
288964,200,964,40.0,-119.0,NV
288965,200,965,40.0,-118.75,NV
288967,200,967,40.0,-118.25,NV
288971,200,971,40.0,-117.25,NV
288972,200,972,40.0,-117.0,NV
288975,200,975,40.0,-116.25,NV
288983,200,983,40.0,-114.25,NV
288985,200,985,40.0,-113.75,UT
288986,200,986,40.0,-113.5,UT
288987,200,987,40.0,-113.25,UT
289000,200,1000,40.0,-110.0,UT
289002,200,1002,40.0,-109.5,UT
289003,200,1003,40.0,-109.25,UT
289025,200,1025,40.0,-103.75,CO
289027,200,1027,40.0,-103.25,CO
289036,200,1036,40.0,-101.0,KS
289085,200,1085,40.0,-88.75,IL
289096,200,1096,40.0,-86.0,IN
290404,201,964,39.75,-119.0,NV
290405,201,965,39.75,-118.75,NV
290406,201,966,39.75,-118.5,NV
290414,201,974,39.75,-116.5,NV
290421,201,981,39.75,-114.75,NV
290427,201,987,39.75,-113.25,UT
290428,201,988,39.75,-113.0,UT
290430,201,990,39.75,-112.5,UT
290440,201,1000,39.75,-110.0,UT
290441,201,1001,39.75,-109.75,UT
290442,201,1002,39.75,-109.5,UT
290462,201,1022,39.75,-104.5,CO
290465,201,1025,39.75,-103.75,CO
290467,201,1027,39.75,-103.25,CO
290469,201,1029,39.75,-102.75,CO
290535,201,1095,39.75,-86.25,IN
290542,201,1102,39.75,-84.5,OH
290543,201,1103,39.75,-84.25,OH
290545,201,1105,39.75,-83.75,OH
290546,201,1106,39.75,-83.5,OH
290569,201,1129,39.75,-77.75,PA
290575,201,1135,39.75,-76.25,PA
291850,202,970,39.5,-117.5,NV
291858,202,978,39.5,-115.5,NV
291861,202,981,39.5,-114.75,NV
291864,202,984,39.5,-114.0,UT
291865,202,985,39.5,-113.75,UT
291866,202,986,39.5,-113.5,UT
291867,202,987,39.5,-113.25,UT
291868,202,988,39.5,-113.0,UT
291878,202,998,39.5,-110.5,UT
291905,202,1025,39.5,-103.75,CO
291906,202,1026,39.5,-103.5,CO
291907,202,1027,39.5,-103.25,CO
291977,202,1097,39.5,-85.75,IN
291978,202,1098,39.5,-85.5,IN
291985,202,1105,39.5,-83.75,OH
293283,203,963,39.25,-119.25,NV
293285,203,965,39.25,-118.75,NV
293286,203,966,39.25,-118.5,NV
293287,203,967,39.25,-118.25,NV
293288,203,968,39.25,-118.0,NV
293291,203,971,39.25,-117.25,NV
293296,203,976,39.25,-116.0,NV
293299,203,979,39.25,-115.25,NV
293305,203,985,39.25,-113.75,UT
293307,203,987,39.25,-113.25,UT
293308,203,988,39.25,-113.0,UT
293318,203,998,39.25,-110.5,UT
293324,203,1004,39.25,-109.0,CO
293341,203,1021,39.25,-104.75,CO
293344,203,1024,39.25,-104.0,CO
293345,203,1025,39.25,-103.75,CO
293346,203,1026,39.25,-103.5,CO
293347,203,1027,39.25,-103.25,CO
293359,203,1039,39.25,-100.25,KS
293426,203,1106,39.25,-83.5,OH
294720,204,960,39.0,-120.0,NV
294724,204,964,39.0,-119.0,NV
294726,204,966,39.0,-118.5,NV
294727,204,967,39.0,-118.25,NV
294728,204,968,39.0,-118.0,NV
294732,204,972,39.0,-117.0,NV
294737,204,977,39.0,-115.75,NV
294740,204,980,39.0,-115.0,NV
294741,204,981,39.0,-114.75,NV
294747,204,987,39.0,-113.25,UT
294748,204,988,39.0,-113.0,UT
294757,204,997,39.0,-110.75,UT
294760,204,1000,39.0,-110.0,UT
294762,204,1002,39.0,-109.5,UT
294777,204,1017,39.0,-105.75,CO
294783,204,1023,39.0,-104.25,CO
294784,204,1024,39.0,-104.0,CO
294787,204,1027,39.0,-103.25,CO
294790,204,1030,39.0,-102.5,CO
294793,204,1033,39.0,-101.75,KS
296165,205,965,38.75,-118.75,NV
296166,205,966,38.75,-118.5,NV
296168,205,968,38.75,-118.0,NV
296169,205,969,38.75,-117.75,NV
296176,205,976,38.75,-116.0,NV
296185,205,985,38.75,-113.75,UT
296186,205,986,38.75,-113.5,UT
296188,205,988,38.75,-113.0,UT
296196,205,996,38.75,-111.0,UT
296197,205,997,38.75,-110.75,UT
296198,205,998,38.75,-110.5,UT
296199,205,999,38.75,-110.25,UT
296200,205,1000,38.75,-110.0,UT
296201,205,1001,38.75,-109.75,UT
296217,205,1017,38.75,-105.75,CO
296222,205,1022,38.75,-104.5,CO
296223,205,1023,38.75,-104.25,CO
296224,205,1024,38.75,-104.0,CO
296225,205,1025,38.75,-103.75,CO
296226,205,1026,38.75,-103.5,CO
296227,205,1027,38.75,-103.25,CO
296228,205,1028,38.75,-103.0,CO
296229,205,1029,38.75,-102.75,CO
296230,205,1030,38.75,-102.5,CO
296232,205,1032,38.75,-102.0,KS
296243,205,1043,38.75,-99.25,KS
297606,206,966,38.5,-118.5,NV
297607,206,967,38.5,-118.25,NV
297610,206,970,38.5,-117.5,NV
297615,206,975,38.5,-116.25,NV
297616,206,976,38.5,-116.0,NV
297617,206,977,38.5,-115.75,NV
297620,206,980,38.5,-115.0,NV
297625,206,985,38.5,-113.75,UT
297636,206,996,38.5,-111.0,UT
297637,206,997,38.5,-110.75,UT
297638,206,998,38.5,-110.5,UT
297639,206,999,38.5,-110.25,UT
297640,206,1000,38.5,-110.0,UT
297663,206,1023,38.5,-104.25,CO
297664,206,1024,38.5,-104.0,CO
297665,206,1025,38.5,-103.75,CO
297666,206,1026,38.5,-103.5,CO
297667,206,1027,38.5,-103.25,CO
297669,206,1029,38.5,-102.75,CO
297671,206,1031,38.5,-102.25,CO
297675,206,1035,38.5,-101.25,KS
299048,207,968,38.25,-118.0,NV
299049,207,969,38.25,-117.75,NV
299052,207,972,38.25,-117.0,NV
299055,207,975,38.25,-116.25,NV
299059,207,979,38.25,-115.25,NV
299060,207,980,38.25,-115.0,NV
299068,207,988,38.25,-113.0,UT
299076,207,996,38.25,-111.0,UT
299077,207,997,38.25,-110.75,UT
299079,207,999,38.25,-110.25,UT
299080,207,1000,38.25,-110.0,UT
299082,207,1002,38.25,-109.5,UT
299096,207,1016,38.25,-106.0,CO
299104,207,1024,38.25,-104.0,CO
299106,207,1026,38.25,-103.5,CO
299108,207,1028,38.25,-103.0,CO
299110,207,1030,38.25,-102.5,CO
299117,207,1037,38.25,-100.75,KS
299182,207,1102,38.25,-84.5,KY
300484,208,964,38.0,-119.0,CA
300487,208,967,38.0,-118.25,NV
300489,208,969,38.0,-117.75,NV
300490,208,970,38.0,-117.5,NV
300492,208,972,38.0,-117.0,NV
300493,208,973,38.0,-116.75,NV
300495,208,975,38.0,-116.25,NV
300496,208,976,38.0,-116.0,NV
300498,208,978,38.0,-115.5,NV
300499,208,979,38.0,-115.25,NV
300519,208,999,38.0,-110.25,UT
300520,208,1000,38.0,-110.0,UT
300543,208,1023,38.0,-104.25,CO
300544,208,1024,38.0,-104.0,CO
300548,208,1028,38.0,-103.0,CO
300549,208,1029,38.0,-102.75,CO
301923,209,963,37.75,-119.25,CA
301930,209,970,37.75,-117.5,NV
301931,209,971,37.75,-117.25,NV
301932,209,972,37.75,-117.0,NV
301933,209,973,37.75,-116.75,NV
301935,209,975,37.75,-116.25,NV
301936,209,976,37.75,-116.0,NV
301937,209,977,37.75,-115.75,NV
301941,209,981,37.75,-114.75,NV
301957,209,997,37.75,-110.75,UT
301959,209,999,37.75,-110.25,UT
301981,209,1021,37.75,-104.75,CO
301982,209,1022,37.75,-104.5,CO
301983,209,1023,37.75,-104.25,CO
301988,209,1028,37.75,-103.0,CO
303369,210,969,37.5,-117.75,NV
303371,210,971,37.5,-117.25,NV
303372,210,972,37.5,-117.0,NV
303375,210,975,37.5,-116.25,NV
303378,210,978,37.5,-115.5,NV
303379,210,979,37.5,-115.25,NV
303393,210,993,37.5,-111.75,UT
303396,210,996,37.5,-111.0,UT
303398,210,998,37.5,-110.5,UT
303399,210,999,37.5,-110.25,UT
303400,210,1000,37.5,-110.0,UT
303403,210,1003,37.5,-109.25,UT
303422,210,1022,37.5,-104.5,CO
303428,210,1028,37.5,-103.0,CO
304809,211,969,37.25,-117.75,CA
304810,211,970,37.25,-117.5,NV
304811,211,971,37.25,-117.25,NV
304812,211,972,37.25,-117.0,NV
304817,211,977,37.25,-115.75,NV
304818,211,978,37.25,-115.5,NV
304822,211,982,37.25,-114.5,NV
304833,211,993,37.25,-111.75,UT
304834,211,994,37.25,-111.5,UT
304839,211,999,37.25,-110.25,UT
304840,211,1000,37.25,-110.0,UT
304841,211,1001,37.25,-109.75,UT
304842,211,1002,37.25,-109.5,UT
304843,211,1003,37.25,-109.25,UT
304858,211,1018,37.25,-105.5,CO
304866,211,1026,37.25,-103.5,CO
304867,211,1027,37.25,-103.25,CO
304869,211,1029,37.25,-102.75,CO
306249,212,969,37.0,-117.75,CA
306250,212,970,37.0,-117.5,CA
306251,212,971,37.0,-117.25,CA
306252,212,972,37.0,-117.0,NV
306253,212,973,37.0,-116.75,NV
306256,212,976,37.0,-116.0,NV
306257,212,977,37.0,-115.75,NV
306258,212,978,37.0,-115.5,NV
306273,212,993,37.0,-111.75,AZ
306278,212,998,37.0,-110.5,AZ
306279,212,999,37.0,-110.25,AZ
306280,212,1000,37.0,-110.0,AZ
306281,212,1001,37.0,-109.75,AZ
306282,212,1002,37.0,-109.5,AZ
306296,212,1016,37.0,-106.0,CO
306297,212,1017,37.0,-105.75,CO
307690,213,970,36.75,-117.5,CA
307693,213,973,36.75,-116.75,NV
307694,213,974,36.75,-116.5,NV
307695,213,975,36.75,-116.25,NV
307696,213,976,36.75,-116.0,NV
307697,213,977,36.75,-115.75,NV
307698,213,978,36.75,-115.5,NV
307700,213,980,36.75,-115.0,NV
307701,213,981,36.75,-114.75,NV
307704,213,984,36.75,-114.0,AZ
307707,213,987,36.75,-113.25,AZ
307708,213,988,36.75,-113.0,AZ
307709,213,989,36.75,-112.75,AZ
307714,213,994,36.75,-111.5,AZ
307715,213,995,36.75,-111.25,AZ
307716,213,996,36.75,-111.0,AZ
307719,213,999,36.75,-110.25,AZ
307720,213,1000,36.75,-110.0,AZ
307721,213,1001,36.75,-109.75,AZ
307722,213,1002,36.75,-109.5,AZ
307725,213,1005,36.75,-108.75,NM
307744,213,1024,36.75,-104.0,NM
307745,213,1025,36.75,-103.75,NM
307747,213,1027,36.75,-103.25,NM
309131,214,971,36.5,-117.25,CA
309132,214,972,36.5,-117.0,CA
309135,214,975,36.5,-116.25,NV
309137,214,977,36.5,-115.75,NV
309138,214,978,36.5,-115.5,NV
309140,214,980,36.5,-115.0,NV
309142,214,982,36.5,-114.5,NV
309149,214,989,36.5,-112.75,AZ
309153,214,993,36.5,-111.75,AZ
309154,214,994,36.5,-111.5,AZ
309155,214,995,36.5,-111.25,AZ
309157,214,997,36.5,-110.75,AZ
309161,214,1001,36.5,-109.75,AZ
309162,214,1002,36.5,-109.5,AZ
309165,214,1005,36.5,-108.75,NM
309186,214,1026,36.5,-103.5,NM
309189,214,1029,36.5,-102.75,TX
310570,215,970,36.25,-117.5,CA
310573,215,973,36.25,-116.75,CA
310574,215,974,36.25,-116.5,CA
310579,215,979,36.25,-115.25,NV
310581,215,981,36.25,-114.75,NV
310594,215,994,36.25,-111.5,AZ
310595,215,995,36.25,-111.25,AZ
310596,215,996,36.25,-111.0,AZ
310601,215,1001,36.25,-109.75,AZ
310605,215,1005,36.25,-108.75,NM
310606,215,1006,36.25,-108.5,NM
310607,215,1007,36.25,-108.25,NM
310608,215,1008,36.25,-108.0,NM
310610,215,1010,36.25,-107.5,NM
310621,215,1021,36.25,-104.75,NM
310622,215,1022,36.25,-104.5,NM
310623,215,1023,36.25,-104.25,NM
310625,215,1025,36.25,-103.75,NM
312014,216,974,36.0,-116.5,CA
312015,216,975,36.0,-116.25,CA
312016,216,976,36.0,-116.0,CA
312017,216,977,36.0,-115.75,NV
312022,216,982,36.0,-114.5,AZ
312034,216,994,36.0,-111.5,AZ
312035,216,995,36.0,-111.25,AZ
312036,216,996,36.0,-111.0,AZ
312039,216,999,36.0,-110.25,AZ
312040,216,1000,36.0,-110.0,AZ
312041,216,1001,36.0,-109.75,AZ
312046,216,1006,36.0,-108.5,NM
312047,216,1007,36.0,-108.25,NM
312060,216,1020,36.0,-105.0,NM
312064,216,1024,36.0,-104.0,NM
312066,216,1026,36.0,-103.5,NM
312067,216,1027,36.0,-103.25,NM
313441,217,961,35.75,-119.75,CA
313449,217,969,35.75,-117.75,CA
313451,217,971,35.75,-117.25,CA
313452,217,972,35.75,-117.0,CA
313453,217,973,35.75,-116.75,CA
313454,217,974,35.75,-116.5,CA
313455,217,975,35.75,-116.25,CA
313457,217,977,35.75,-115.75,CA
313459,217,979,35.75,-115.25,NV
313460,217,980,35.75,-115.0,NV
313461,217,981,35.75,-114.75,NV
313470,217,990,35.75,-112.5,AZ
313474,217,994,35.75,-111.5,AZ
313475,217,995,35.75,-111.25,AZ
313476,217,996,35.75,-111.0,AZ
313477,217,997,35.75,-110.75,AZ
313478,217,998,35.75,-110.5,AZ
313479,217,999,35.75,-110.25,AZ
313480,217,1000,35.75,-110.0,AZ
313485,217,1005,35.75,-108.75,NM
313486,217,1006,35.75,-108.5,NM
313487,217,1007,35.75,-108.25,NM
313488,217,1008,35.75,-108.0,NM
313490,217,1010,35.75,-107.5,NM
313500,217,1020,35.75,-105.0,NM
313506,217,1026,35.75,-103.5,NM
314889,218,969,35.5,-117.75,CA
314890,218,970,35.5,-117.5,CA
314891,218,971,35.5,-117.25,CA
314892,218,972,35.5,-117.0,CA
314893,218,973,35.5,-116.75,CA
314894,218,974,35.5,-116.5,CA
314895,218,975,35.5,-116.25,CA
314896,218,976,35.5,-116.0,CA
314897,218,977,35.5,-115.75,CA
314899,218,979,35.5,-115.25,NV
314901,218,981,35.5,-114.75,NV
314908,218,988,35.5,-113.0,AZ
314916,218,996,35.5,-111.0,AZ
314918,218,998,35.5,-110.5,AZ
314919,218,999,35.5,-110.25,AZ
314920,218,1000,35.5,-110.0,AZ
314921,218,1001,35.5,-109.75,AZ
314928,218,1008,35.5,-108.0,NM
314930,218,1010,35.5,-107.5,NM
314932,218,1012,35.5,-107.0,NM
314936,218,1016,35.5,-106.0,NM
314947,218,1027,35.5,-103.25,NM
316322,219,962,35.25,-119.5,CA
316330,219,970,35.25,-117.5,CA
316332,219,972,35.25,-117.0,CA
316333,219,973,35.25,-116.75,CA
316335,219,975,35.25,-116.25,CA
316336,219,976,35.25,-116.0,CA
316342,219,982,35.25,-114.5,AZ
316348,219,988,35.25,-113.0,AZ
316350,219,990,35.25,-112.5,AZ
316355,219,995,35.25,-111.25,AZ
316357,219,997,35.25,-110.75,AZ
316358,219,998,35.25,-110.5,AZ
316359,219,999,35.25,-110.25,AZ
316360,219,1000,35.25,-110.0,AZ
316362,219,1002,35.25,-109.5,AZ
316363,219,1003,35.25,-109.25,AZ
316371,219,1011,35.25,-107.25,NM
316372,219,1012,35.25,-107.0,NM
316382,219,1022,35.25,-104.5,NM
317768,220,968,35.0,-118.0,CA
317769,220,969,35.0,-117.75,CA
317770,220,970,35.0,-117.5,CA
317771,220,971,35.0,-117.25,CA
317772,220,972,35.0,-117.0,CA
317774,220,974,35.0,-116.5,CA
317776,220,976,35.0,-116.0,CA
317780,220,980,35.0,-115.0,CA
317781,220,981,35.0,-114.75,CA
317782,220,982,35.0,-114.5,AZ
317796,220,996,35.0,-111.0,AZ
317798,220,998,35.0,-110.5,AZ
317799,220,999,35.0,-110.25,AZ
317800,220,1000,35.0,-110.0,AZ
317803,220,1003,35.0,-109.25,AZ
317804,220,1004,35.0,-109.0,NM
317810,220,1010,35.0,-107.5,NM
317811,220,1011,35.0,-107.25,NM
317812,220,1012,35.0,-107.0,NM
317813,220,1013,35.0,-106.75,NM
317814,220,1014,35.0,-106.5,NM
317817,220,1017,35.0,-105.75,NM
317818,220,1018,35.0,-105.5,NM
317819,220,1019,35.0,-105.25,NM
317820,220,1020,35.0,-105.0,NM
317828,220,1028,35.0,-103.0,TX
319209,221,969,34.75,-117.75,CA
319211,221,971,34.75,-117.25,CA
319214,221,974,34.75,-116.5,CA
319217,221,977,34.75,-115.75,CA
319218,221,978,34.75,-115.5,CA
319220,221,980,34.75,-115.0,CA
319221,221,981,34.75,-114.75,CA
319223,221,983,34.75,-114.25,AZ
319238,221,998,34.75,-110.5,AZ
319239,221,999,34.75,-110.25,AZ
319241,221,1001,34.75,-109.75,AZ
319242,221,1002,34.75,-109.5,AZ
319243,221,1003,34.75,-109.25,AZ
319246,221,1006,34.75,-108.5,NM
319250,221,1010,34.75,-107.5,NM
319251,221,1011,34.75,-107.25,NM
319252,221,1012,34.75,-107.0,NM
319257,221,1017,34.75,-105.75,NM
319259,221,1019,34.75,-105.25,NM
320649,222,969,34.5,-117.75,CA
320653,222,973,34.5,-116.75,CA
320654,222,974,34.5,-116.5,CA
320655,222,975,34.5,-116.25,CA
320656,222,976,34.5,-116.0,CA
320657,222,977,34.5,-115.75,CA
320659,222,979,34.5,-115.25,CA
320660,222,980,34.5,-115.0,CA
320661,222,981,34.5,-114.75,CA
320662,222,982,34.5,-114.5,CA
320663,222,983,34.5,-114.25,AZ
320664,222,984,34.5,-114.0,AZ
320665,222,985,34.5,-113.75,AZ
320666,222,986,34.5,-113.5,AZ
320681,222,1001,34.5,-109.75,AZ
320682,222,1002,34.5,-109.5,AZ
320686,222,1006,34.5,-108.5,NM
320687,222,1007,34.5,-108.25,NM
320697,222,1017,34.5,-105.75,NM
320698,222,1018,34.5,-105.5,NM
320699,222,1019,34.5,-105.25,NM
320702,222,1022,34.5,-104.5,NM
322096,223,976,34.25,-116.0,CA
322097,223,977,34.25,-115.75,CA
322098,223,978,34.25,-115.5,CA
322099,223,979,34.25,-115.25,CA
322100,223,980,34.25,-115.0,CA
322101,223,981,34.25,-114.75,CA
322105,223,985,34.25,-113.75,AZ
322106,223,986,34.25,-113.5,AZ
322107,223,987,34.25,-113.25,AZ
322124,223,1004,34.25,-109.0,NM
322125,223,1005,34.25,-108.75,NM
322140,223,1020,34.25,-105.0,NM
323537,224,977,34.0,-115.75,CA
323538,224,978,34.0,-115.5,CA
323539,224,979,34.0,-115.25,CA
323540,224,980,34.0,-115.0,CA
323541,224,981,34.0,-114.75,CA
323569,224,1009,34.0,-107.75,NM
323579,224,1019,34.0,-105.25,NM
323580,224,1020,34.0,-105.0,NM
323581,224,1021,34.0,-104.75,NM
323584,224,1024,34.0,-104.0,NM
324977,225,977,33.75,-115.75,CA
324978,225,978,33.75,-115.5,CA
324980,225,980,33.75,-115.0,CA
325014,225,1014,33.75,-106.5,NM
325015,225,1015,33.75,-106.25,NM
325016,225,1016,33.75,-106.0,NM
325020,225,1020,33.75,-105.0,NM
326416,226,976,33.5,-116.0,CA
326417,226,977,33.5,-115.75,CA
326418,226,978,33.5,-115.5,CA
326419,226,979,33.5,-115.25,CA
326420,226,980,33.5,-115.0,CA
326423,226,983,33.5,-114.25,AZ
326452,226,1012,33.5,-107.0,NM
326453,226,1013,33.5,-106.75,NM
326462,226,1022,33.5,-104.5,NM
326466,226,1026,33.5,-103.5,NM
326473,226,1033,33.5,-101.75,TX
327842,227,962,33.25,-119.5,CA
327856,227,976,33.25,-116.0,CA
327857,227,977,33.25,-115.75,CA
327860,227,980,33.25,-115.0,CA
327863,227,983,33.25,-114.25,AZ
327890,227,1010,33.25,-107.5,NM
327892,227,1012,33.25,-107.0,NM
327895,227,1015,33.25,-106.25,NM
327906,227,1026,33.25,-103.5,NM
329295,228,975,33.0,-116.25,CA
329296,228,976,33.0,-116.0,CA
329297,228,977,33.0,-115.75,CA
329300,228,980,33.0,-115.0,CA
329303,228,983,33.0,-114.25,AZ
329325,228,1005,33.0,-108.75,NM
329333,228,1013,33.0,-106.75,NM
329334,228,1014,33.0,-106.5,NM
329346,228,1026,33.0,-103.5,NM
329347,228,1027,33.0,-103.25,NM
330751,229,991,32.75,-112.25,AZ
330762,229,1002,32.75,-109.5,AZ
330763,229,1003,32.75,-109.25,AZ
330764,229,1004,32.75,-109.0,NM
330775,229,1015,32.75,-106.25,NM
330776,229,1016,32.75,-106.0,NM
330780,229,1020,32.75,-105.0,NM
330786,229,1026,32.75,-103.5,NM
330812,229,1052,32.75,-97.0,TX
332182,230,982,32.5,-114.5,AZ
332184,230,984,32.5,-114.0,AZ
332185,230,985,32.5,-113.75,AZ
332190,230,990,32.5,-112.5,AZ
332191,230,991,32.5,-112.25,AZ
332192,230,992,32.5,-112.0,AZ
332203,230,1003,32.5,-109.25,AZ
332207,230,1007,32.5,-108.25,NM
332208,230,1008,32.5,-108.0,NM
332209,230,1009,32.5,-107.75,NM
332210,230,1010,32.5,-107.5,NM
332225,230,1025,32.5,-103.75,NM
333624,231,984,32.25,-114.0,AZ
333625,231,985,32.25,-113.75,AZ
333626,231,986,32.25,-113.5,AZ
333627,231,987,32.25,-113.25,AZ
333628,231,988,32.25,-113.0,AZ
333629,231,989,32.25,-112.75,AZ
333630,231,990,32.25,-112.5,AZ
333631,231,991,32.25,-112.25,AZ
333632,231,992,32.25,-112.0,AZ
333633,231,993,32.25,-111.75,AZ
333651,231,1011,32.25,-107.25,NM
333659,231,1019,32.25,-105.25,NM
335068,232,988,32.0,-113.0,AZ
335070,232,990,32.0,-112.5,AZ
335071,232,991,32.0,-112.25,AZ
335072,232,992,32.0,-112.0,AZ
335087,232,1007,32.0,-108.25,NM
335088,232,1008,32.0,-108.0,NM
335089,232,1009,32.0,-107.75,NM
335090,232,1010,32.0,-107.5,NM
335092,232,1012,32.0,-107.0,NM
335097,232,1017,32.0,-105.75,NM
335099,232,1019,32.0,-105.25,NM
336511,233,991,31.75,-112.25,AZ
336512,233,992,31.75,-112.0,AZ
336527,233,1007,31.75,-108.25,NM
336536,233,1016,31.75,-106.0,TX
336537,233,1017,31.75,-105.75,TX
336539,233,1019,31.75,-105.25,TX
336542,233,1022,31.75,-104.5,TX
336543,233,1023,31.75,-104.25,TX
336546,233,1026,31.75,-103.5,TX
337977,234,1017,31.5,-105.75,TX
337978,234,1018,31.5,-105.5,TX
337979,234,1019,31.5,-105.25,TX
337980,234,1020,31.5,-105.0,TX
337981,234,1021,31.5,-104.75,TX
337982,234,1022,31.5,-104.5,TX
337983,234,1023,31.5,-104.25,TX
337985,234,1025,31.5,-103.75,TX
339418,235,1018,31.25,-105.5,TX
339419,235,1019,31.25,-105.25,TX
339420,235,1020,31.25,-105.0,TX
339421,235,1021,31.25,-104.75,TX
340860,236,1020,31.0,-105.0,TX
340870,236,1030,31.0,-102.5,TX
340873,236,1033,31.0,-101.75,TX
342301,237,1021,30.75,-104.75,TX
342309,237,1029,30.75,-102.75,TX
345184,239,1024,30.25,-104.0,TX
346628,240,1028,30.0,-103.0,TX
346630,240,1030,30.0,-102.5,TX
346632,240,1032,30.0,-102.0,TX
346633,240,1033,30.0,-101.75,TX
348063,241,1023,29.75,-104.25,TX
348064,241,1024,29.75,-104.0,TX
348065,241,1025,29.75,-103.75,TX
348066,241,1026,29.75,-103.5,TX
348067,241,1027,29.75,-103.25,TX
348068,241,1028,29.75,-103.0,TX
348075,241,1035,29.75,-101.25,TX
349504,242,1024,29.5,-104.0,TX
349505,242,1025,29.5,-103.75,TX
349506,242,1026,29.5,-103.5,TX
349507,242,1027,29.5,-103.25,TX
350945,243,1025,29.25,-103.75,TX
