tail,rank,cell_id,lat_center,lon_center,state_abbr,scenario,horizon,baseline_damage,future_damage,absolute_change_magnitude,factor_raw
lowest,1,312001,36.0,-119.75,CA,ssp2-4.5,2035,-1.089845929691859e-08,-7.761024044775361e-09,-3.137435252143229e-09,0.7121212121212123
lowest,2,299101,38.25,-104.75,CO,ssp2-4.5,2035,-1.702880827271341e-06,-1.584328433770428e-06,-1.1855239350091285e-07,0.930381274131274
lowest,3,324979,33.75,-115.25,CA,ssp2-4.5,2035,-3.809969605092466e-06,-3.585168935257179e-06,-2.2480066983528687e-07,0.9409967288099058
lowest,4,251549,46.5,-112.75,MT,ssp2-4.5,2035,-0.001735921431059437,-0.001639178437616711,-9.674299344272601e-05,0.9442699469504887
lowest,5,270375,43.25,-86.25,MI,ssp2-4.5,2035,-1.806034971979853e-06,-1.711221165689669e-06,-9.481380629018399e-08,0.9475016775637268
lowest,6,339430,31.25,-102.5,TX,ssp2-4.5,2035,-0.0001071253453414545,-0.0001018730026773647,-5.252342664089808e-06,0.9509701215212111
lowest,7,304856,37.25,-106.0,CO,ssp2-4.5,2035,-0.0008925273615614786,-0.0008532435249280912,-3.928383663338744e-05,0.9559858461205488
lowest,8,337986,31.5,-103.5,TX,ssp2-4.5,2035,-5.164260280136609e-05,-4.943251619829225e-05,-2.210086603073841e-06,0.957204198022812
lowest,9,320658,34.5,-115.5,CA,ssp2-4.5,2035,-2.488824639107612e-06,-2.394901993511738e-06,-9.392264559587407e-08,0.9622622485650292
lowest,10,312023,36.0,-114.25,AZ,ssp2-4.5,2035,-4.802475496418666e-05,-4.625430358115121e-05,-1.7704513830354464e-06,0.9631346087167811
lowest,11,309128,36.5,-118.0,CA,ssp2-4.5,2035,-7.785464999644422e-05,-7.505908479184054e-05,-2.7955652046036765e-06,0.9640925082222918
lowest,12,294766,39.0,-108.5,CO,ssp2-4.5,2035,-0.002234696030151997,-0.002156932389196224,-7.776364095577306e-05,0.965201691905058
lowest,13,257306,45.5,-113.5,MT,ssp2-4.5,2035,-0.001149851811023174,-0.001110317458935939,-3.953435208723516e-05,0.9656178720525246
lowest,14,252994,46.25,-111.5,MT,ssp2-4.5,2035,-0.008168092367705552,-0.007891720951168366,-0.0002763714165371859,0.9661645089090956
lowest,15,286130,40.5,-107.5,CO,ssp2-4.5,2035,-0.004083076002530676,-0.003946426488785377,-0.00013664951374529888,0.9665327038584136
lowest,16,312013,36.0,-116.75,CA,ssp2-4.5,2035,-0.0001114361945053987,-0.0001077250386629396,-3.7111558424590875e-06,0.9666970335901116
lowest,17,306274,37.0,-111.5,AZ,ssp2-4.5,2035,-2.485041822484131e-06,-2.404933538182593e-06,-8.010828430153766e-08,0.9677638084088828
lowest,18,319219,34.75,-115.25,CA,ssp2-4.5,2035,-0.0002327150980977425,-0.0002252379363871993,-7.477161710543214e-06,0.9678698899570206
lowest,19,304857,37.25,-105.75,CO,ssp2-4.5,2035,-0.01097627253571807,-0.01064098806135184,-0.0003352844743662285,0.9694537035887936
lowest,20,316324,35.25,-119.0,CA,ssp2-4.5,2035,-0.0002803049320671071,-0.0002724294650542621,-7.87546701284497e-06,0.9719039299281416
highest,1,287704,40.25,-74.0,NJ,ssp2-4.5,2035,-4.059460738703959e-07,-9.680742585714808e-06,9.274796511844413e-06,23.84736103841596
highest,2,355295,28.5,-96.25,TX,ssp2-4.5,2035,-6.674193572440597e-06,-1.142315258505581e-05,4.748959012615213e-06,1.7115404971508235
highest,3,363997,27.0,-80.75,FL,ssp2-4.5,2035,-0.0001156914957870406,-0.000189112824869002,7.34213290819614e-05,1.6346303034849847
highest,4,346665,30.0,-93.75,LA,ssp2-4.5,2035,-0.003024078928555711,-0.004838886810564796,0.0018148078820090854,1.6001192180773638
highest,5,348110,29.75,-92.5,LA,ssp2-4.5,2035,-0.00459698275345829,-0.006392828490499789,0.001795845737041499,1.3906574884777394
highest,6,300474,38.0,-121.5,CA,ssp2-4.5,2035,-0.0056910407212793,-0.007776078289620986,0.002085037568341686,1.3663719292229886
highest,7,303352,37.5,-122.0,CA,ssp2-4.5,2035,-0.0003691698718754684,-0.0005026739512109673,0.00013350407933549895,1.3616331924847154
highest,8,348105,29.75,-93.75,LA,ssp2-4.5,2035,-0.01550858126174761,-0.01994519362932329,0.004436612367575681,1.2860746765094961
highest,9,346666,30.0,-93.5,LA,ssp2-4.5,2035,-0.01254064147078489,-0.01533652085763229,0.002795879386847399,1.2229454843566636
highest,10,330731,32.75,-117.25,CA,ssp2-4.5,2035,-0.000237571907848663,-0.000290230821669999,5.265891382133601e-05,1.2216546320572572
highest,11,348104,29.75,-94.0,TX,ssp2-4.5,2035,-0.01008738786402795,-0.01217446107049562,0.002087073206467671,1.2068992721009828
highest,12,348108,29.75,-93.0,LA,ssp2-4.5,2035,-0.0273884926247702,-0.03293598236344398,0.005547489738673778,1.2025481947720122
highest,13,348103,29.75,-94.25,TX,ssp2-4.5,2035,-0.01105856576961052,-0.01295542011546789,0.0018968543458573687,1.1715280611767953
highest,14,324967,33.75,-118.25,CA,ssp2-4.5,2035,-0.0001727618821168385,-0.0001997275817877607,2.696569967092219e-05,1.15608593365917
highest,15,346667,30.0,-93.25,LA,ssp2-4.5,2035,-0.02370297715318268,-0.02736119235696857,0.0036582152037858903,1.154335684506817
highest,16,304974,37.25,-76.5,VA,ssp2-4.5,2035,-0.001076268277282762,-0.00123839259404878,0.00016212431676601797,1.150635599123418
highest,17,336635,31.75,-81.25,GA,ssp2-4.5,2035,-0.01882212383813597,-0.02163518336557226,0.002813059527436289,1.1494549473602271
highest,18,315055,35.5,-76.25,NC,ssp2-4.5,2035,-0.02074653165505524,-0.02373807214136239,0.002991540486307148,1.1441947278728977
highest,19,286263,40.5,-74.25,NJ,ssp2-4.5,2035,-0.000191347874425853,-0.0002189143583034902,2.7566483877637177e-05,1.1440647509691524
highest,20,293454,39.25,-76.5,MD,ssp2-4.5,2035,-0.002118305932088447,-0.002416013091438456,0.00029770715935000924,1.1405402094382555
lowest,1,312001,36.0,-119.75,CA,ssp2-4.5,2040,-1.089845929691859e-08,-6.698011442897885e-09,-4.200447854020705e-09,0.6145833333333335
lowest,2,324979,33.75,-115.25,CA,ssp2-4.5,2040,-3.809969605092466e-06,-3.460629096336019e-06,-3.493405087564472e-07,0.9083088462728119
lowest,3,299101,38.25,-104.75,CO,ssp2-4.5,2040,-1.702880827271341e-06,-1.558401518423987e-06,-1.4447930884735393e-07,0.9151559483590731
lowest,4,251549,46.5,-112.75,MT,ssp2-4.5,2040,-0.001735921431059437,-0.001598235605285665,-0.00013768582577377187,0.9206842986610622
lowest,5,270375,43.25,-86.25,MI,ssp2-4.5,2040,-1.806034971979853e-06,-1.665352701372632e-06,-1.4068227060722102e-07,0.9221043485924312
lowest,6,337986,31.5,-103.5,TX,ssp2-4.5,2040,-5.164260280136609e-05,-4.831432266518977e-05,-3.32828013617632e-06,0.9355516578244915
lowest,7,339430,31.25,-102.5,TX,ssp2-4.5,2040,-0.0001071253453414545,-0.0001002738559099222,-6.851489431532309e-06,0.9360423118385881
lowest,8,304856,37.25,-106.0,CO,ssp2-4.5,2040,-0.0008925273615614786,-0.000841235821301413,-5.12915402600656e-05,0.9425322489045815
lowest,9,312013,36.0,-116.75,CA,ssp2-4.5,2040,-0.0001114361945053987,-0.000105309855964292,-6.12633854110669e-06,0.9450237997779987
lowest,10,320658,34.5,-115.5,CA,ssp2-4.5,2040,-2.488824639107612e-06,-2.352496770423229e-06,-1.3632786868438287e-07,0.9452239958805356
lowest,11,309128,36.5,-118.0,CA,ssp2-4.5,2040,-7.785464999644422e-05,-7.378861637424818e-05,-4.0660336221960355e-06,0.9477740427529796
lowest,12,294766,39.0,-108.5,CO,ssp2-4.5,2040,-0.002234696030151997,-0.002119013035240552,-0.0001156829949114451,0.9482332302243466
lowest,13,312023,36.0,-114.25,AZ,ssp2-4.5,2040,-4.802475496418666e-05,-4.555270510462234e-05,-2.4720498595643187e-06,0.9485255081174742
lowest,14,286130,40.5,-107.5,CO,ssp2-4.5,2040,-0.004083076002530676,-0.00388935590930516,-0.00019372009322551594,0.9525553545646839
lowest,15,252994,46.25,-111.5,MT,ssp2-4.5,2040,-0.008168092367705552,-0.007784720135654957,-0.00038337223205059476,0.9530646551493044
lowest,16,257306,45.5,-113.5,MT,ssp2-4.5,2040,-0.001149851811023174,-0.001095889726686406,-5.39620843367681e-05,0.9530704010556361
lowest,17,306274,37.0,-111.5,AZ,ssp2-4.5,2040,-2.485041822484131e-06,-2.368640886652215e-06,-1.1640093583191591e-07,0.9531593654566515
lowest,18,304857,37.25,-105.75,CO,ssp2-4.5,2040,-0.01097627253571807,-0.0104763171269709,-0.0004999554087471696,0.9544512577361526
lowest,19,242919,48.0,-110.25,MT,ssp2-4.5,2040,-0.006363445512674311,-0.006098825647262138,-0.00026461986541217227,0.958415631141161
lowest,20,319219,34.75,-115.25,CA,ssp2-4.5,2040,-0.0002327150980977425,-0.0002231403753456374,-9.574722752105113e-06,0.9588564608382923
highest,1,287704,40.25,-74.0,NJ,ssp2-4.5,2040,-4.059460738703959e-07,-1.517505947535695e-05,1.4769113401486554e-05,37.381958964829906
highest,2,355295,28.5,-96.25,TX,ssp2-4.5,2040,-6.674193572440597e-06,-1.456191368093369e-05,7.887720108493093e-06,2.181823694934988
highest,3,363997,27.0,-80.75,FL,ssp2-4.5,2040,-0.0001156914957870406,-0.0002260998222948981,0.00011040832650785751,1.9543339876173085
highest,4,346665,30.0,-93.75,LA,ssp2-4.5,2040,-0.003024078928555711,-0.005761525514868547,0.002737446586312836,1.9052166464518274
highest,5,300474,38.0,-121.5,CA,ssp2-4.5,2040,-0.0056910407212793,-0.009502378892750423,0.003811338171471123,1.6697084695282878
highest,6,303352,37.5,-122.0,CA,ssp2-4.5,2040,-0.0003691698718754684,-0.0006098929021348882,0.00024072303025941979,1.652065752377059
highest,7,348097,29.75,-95.75,TX,ssp2-4.5,2040,-9.509450573163349e-06,-1.541285525262427e-05,5.90340467946092e-06,1.6207934553149619
highest,8,348110,29.75,-92.5,LA,ssp2-4.5,2040,-0.00459698275345829,-0.007403824124977467,0.0028068413715191774,1.6105834026476613
highest,9,348105,29.75,-93.75,LA,ssp2-4.5,2040,-0.01550858126174761,-0.02237365267635445,0.006865071414606839,1.4426627619084504
highest,10,346666,30.0,-93.5,LA,ssp2-4.5,2040,-0.01254064147078489,-0.0170649027918311,0.00452426132104621,1.3607679345260038
highest,11,348104,29.75,-94.0,TX,ssp2-4.5,2040,-0.01008738786402795,-0.01351435443090366,0.0034269665668757096,1.33972784759238
highest,12,330731,32.75,-117.25,CA,ssp2-4.5,2040,-0.000237571907848663,-0.0003136075174763258,7.603560962766282e-05,1.3200530328531044
highest,13,348108,29.75,-93.0,LA,ssp2-4.5,2040,-0.0273884926247702,-0.03567287945849099,0.008284386833720792,1.3024769178508342
highest,14,348103,29.75,-94.25,TX,ssp2-4.5,2040,-0.01105856576961052,-0.01417082435946025,0.0031122585898497295,1.2814341981310422
highest,15,286263,40.5,-74.25,NJ,ssp2-4.5,2040,-0.000191347874425853,-0.000238596892424768,4.724901799891499e-05,1.2469273209367366
highest,16,304974,37.25,-76.5,VA,ssp2-4.5,2040,-0.001076268277282762,-0.001335211374093046,0.00025894309681028394,1.2405934489345292
highest,17,346667,30.0,-93.25,LA,ssp2-4.5,2040,-0.02370297715318268,-0.02916800332373898,0.005465026170556303,1.2305628586332453
highest,18,310735,36.25,-76.25,NC,ssp2-4.5,2040,-0.006974889516004192,-0.00856277619215741,0.001587886676153217,1.2276576098459682
highest,19,293454,39.25,-76.5,MD,ssp2-4.5,2040,-0.002118305932088447,-0.002599784168595763,0.00048147823650731636,1.2272940037667859
highest,20,276196,42.25,-71.0,MA,ssp2-4.5,2040,-0.0001115738050759817,-0.0001366057638777075,2.5031958801725797e-05,1.2243533666766948
lowest,1,312001,36.0,-119.75,CA,ssp2-4.5,2050,-1.089845929691859e-08,-4.750610462759387e-09,-6.147848834159203e-09,0.43589743589743607
lowest,2,324979,33.75,-115.25,CA,ssp2-4.5,2050,-3.809969605092466e-06,-3.207261524614905e-06,-6.027080804775613e-07,0.8418076407559861
lowest,3,270375,43.25,-86.25,MI,ssp2-4.5,2050,-1.806034971979853e-06,-1.574212707559164e-06,-2.31822264420689e-07,0.8716402129430775
lowest,4,251549,46.5,-112.75,MT,ssp2-4.5,2050,-0.001735921431059437,-0.001519448394189659,-0.00021647303686977786,0.8752979063472568
lowest,5,299101,38.25,-104.75,CO,ssp2-4.5,2050,-1.702880827271341e-06,-1.518327261225459e-06,-1.8455356604588188e-07,0.8916227353727351
lowest,6,337986,31.5,-103.5,TX,ssp2-4.5,2050,-5.164260280136609e-05,-4.607329069772538e-05,-5.569312103640709e-06,0.8921566342219028
lowest,7,312013,36.0,-116.75,CA,ssp2-4.5,2050,-0.0001114361945053987,-0.0001002818279690077,-1.1154366536390996e-05,0.899903558391429
lowest,8,339430,31.25,-102.5,TX,ssp2-4.5,2050,-0.0001071253453414545,-9.743832615374301e-05,-9.687019187711496e-06,0.9095730412178854
lowest,9,320658,34.5,-115.5,CA,ssp2-4.5,2050,-2.488824639107612e-06,-2.269295621631801e-06,-2.195290174758109e-07,0.9117940999031073
lowest,10,294766,39.0,-108.5,CO,ssp2-4.5,2050,-0.002234696030151997,-0.002043819761786543,-0.0001908762683654544,0.9145851311363937
lowest,11,309128,36.5,-118.0,CA,ssp2-4.5,2050,-7.785464999644422e-05,-7.129264922754014e-05,-6.562000768904074e-06,0.9157147226375846
lowest,12,304856,37.25,-106.0,CO,ssp2-4.5,2050,-0.0008925273615614786,-0.0008199169576983761,-7.261040386310254e-05,0.9186462992730324
lowest,13,312023,36.0,-114.25,AZ,ssp2-4.5,2050,-4.802475496418666e-05,-4.418962987940759e-05,-3.835125084779069e-06,0.9201427453895595
lowest,14,306274,37.0,-111.5,AZ,ssp2-4.5,2050,-2.485041822484131e-06,-2.297384210576686e-06,-1.876576119074446e-07,0.9244851293006184
lowest,15,304857,37.25,-105.75,CO,ssp2-4.5,2050,-0.01097627253571807,-0.01014761090594028,-0.0008286616297777886,0.924504277104889
lowest,16,286130,40.5,-107.5,CO,ssp2-4.5,2050,-0.004083076002530676,-0.003779307043847389,-0.0003037689586832871,0.925602913466462
lowest,17,252994,46.25,-111.5,MT,ssp2-4.5,2050,-0.008168092367705552,-0.007582305751598176,-0.0005857866161073757,0.9282835465446719
lowest,18,257306,45.5,-113.5,MT,ssp2-4.5,2050,-0.001149851811023174,-0.001068929625553766,-8.092218546940804e-05,0.929623813526544
lowest,19,242919,48.0,-110.25,MT,ssp2-4.5,2050,-0.006363445512674311,-0.005917080989619559,-0.00044636452305475173,0.9298548998077046
lowest,20,300536,38.0,-106.0,CO,ssp2-4.5,2050,-1.285209873048635e-05,-1.202516731627051e-05,-8.269314142158404e-07,0.9356578694610956
highest,1,287704,40.25,-74.0,NJ,ssp2-4.5,2050,-4.059460738703959e-07,-3.824155196437632e-05,3.7835605890505925e-05,94.20352708371182
highest,2,348097,29.75,-95.75,TX,ssp2-4.5,2050,-9.509450573163349e-06,-3.654955808393245e-05,2.7040107510769105e-05,3.843498402218849
highest,3,355295,28.5,-96.25,TX,ssp2-4.5,2050,-6.674193572440597e-06,-2.113437758470385e-05,1.4460184012263254e-05,3.1665814536714882
highest,4,363997,27.0,-80.75,FL,ssp2-4.5,2050,-0.0001156914957870406,-0.0003050502735089739,0.00018935877772193328,2.6367562406704113
highest,5,346665,30.0,-93.75,LA,ssp2-4.5,2050,-0.003024078928555711,-0.007206859389838188,0.004182780461282477,2.3831584955622036
highest,6,303352,37.5,-122.0,CA,ssp2-4.5,2050,-0.0003691698718754684,-0.0008386244539554746,0.0004694545820800062,2.2716492266691977
highest,7,300474,38.0,-121.5,CA,ssp2-4.5,2050,-0.0056910407212793,-0.01279415846735209,0.007103117746072789,2.248122811617497
highest,8,348110,29.75,-92.5,LA,ssp2-4.5,2050,-0.00459698275345829,-0.008943532110962767,0.004346549357504477,1.945522224166403
highest,9,348105,29.75,-93.75,LA,ssp2-4.5,2050,-0.01550858126174761,-0.02620342086452701,0.0106948396027794,1.6896078643349892
highest,10,346666,30.0,-93.5,LA,ssp2-4.5,2050,-0.01254064147078489,-0.02023306014767737,0.007692418676892481,1.6133991386974107
highest,11,286263,40.5,-74.25,NJ,ssp2-4.5,2050,-0.000191347874425853,-0.0003034645544330766,0.00011211668000722357,1.5859311494503618
highest,12,348104,29.75,-94.0,TX,ssp2-4.5,2050,-0.01008738786402795,-0.01577313923892484,0.005685751374896891,1.563649524687409
highest,13,330731,32.75,-117.25,CA,ssp2-4.5,2050,-0.000237571907848663,-0.0003593179400960803,0.0001217460322474173,1.5124597152495463
highest,14,304974,37.25,-76.5,VA,ssp2-4.5,2050,-0.001076268277282762,-0.001587170508179619,0.0005109022308968569,1.4746978440976852
highest,15,348103,29.75,-94.25,TX,ssp2-4.5,2050,-0.01105856576961052,-0.01616798750102085,0.005109421731410331,1.462032946935241
highest,16,310735,36.25,-76.25,NC,ssp2-4.5,2050,-0.006974889516004192,-0.01015031840356079,0.003175428887556597,1.455265833282439
highest,17,348108,29.75,-93.0,LA,ssp2-4.5,2050,-0.0273884926247702,-0.03962034221557044,0.012231849590800238,1.4466054323755566
highest,18,293454,39.25,-76.5,MD,ssp2-4.5,2050,-0.002118305932088447,-0.002987013860419754,0.000868707928331307,1.4100955934513406
highest,19,276196,42.25,-71.0,MA,ssp2-4.5,2050,-0.0001115738050759817,-0.0001565854211786261,4.50116161026444e-05,1.4034245858334895
highest,20,299033,38.25,-121.75,CA,ssp2-4.5,2050,-0.002640518669872383,-0.003690990190962231,0.0010504715210898482,1.3978277196353313
lowest,1,312001,36.0,-119.75,CA,ssp2-4.5,2100,-1.089845929691859e-08,-1.625208842522948e-09,-9.273250454395642e-09,0.14912280701754388
lowest,2,324979,33.75,-115.25,CA,ssp2-4.5,2100,-3.809969605092466e-06,-2.251848213917112e-06,-1.5581213911753542e-06,0.5910409917463004
lowest,3,251549,46.5,-112.75,MT,ssp2-4.5,2100,-0.001735921431059437,-0.001222207501168433,-0.0005137139298910039,0.704068444170608
lowest,4,270375,43.25,-86.25,MI,ssp2-4.5,2100,-1.806034971979853e-06,-1.288036634334293e-06,-5.1799833764556e-07,0.7131847690204426
lowest,5,337986,31.5,-103.5,TX,ssp2-4.5,2100,-5.164260280136609e-05,-3.941833481743018e-05,-1.2224267983935915e-05,0.763291017090011
lowest,6,320658,34.5,-115.5,CA,ssp2-4.5,2100,-2.488824639107612e-06,-1.94474285670168e-06,-5.440817824059318e-07,0.7813900690885892
lowest,7,312013,36.0,-116.75,CA,ssp2-4.5,2100,-0.0001114361945053987,-8.795538530572964e-05,-2.348080919966905e-05,0.7892892044287148
lowest,8,299101,38.25,-104.75,CO,ssp2-4.5,2100,-1.702880827271341e-06,-1.344195764785546e-06,-3.5868506248579486e-07,0.7893657285104654
lowest,9,294766,39.0,-108.5,CO,ssp2-4.5,2100,-0.002234696030151997,-0.001773936377736202,-0.00046075965241579525,0.7938155139674832
lowest,10,306274,37.0,-111.5,AZ,ssp2-4.5,2100,-2.485041822484131e-06,-1.98332963662341e-06,-5.017121858607208e-07,0.7981071459959606
lowest,11,339430,31.25,-102.5,TX,ssp2-4.5,2100,-0.0001071253453414545,-8.570600592722393e-05,-2.1419339414230573e-05,0.8000534855130881
lowest,12,309128,36.5,-118.0,CA,ssp2-4.5,2100,-7.785464999644422e-05,-6.288088943047826e-05,-1.4973760565965954e-05,0.8076703117071384
lowest,13,304857,37.25,-105.75,CO,ssp2-4.5,2100,-0.01097627253571807,-0.008937496289952315,-0.002038776245765754,0.8142560473848168
lowest,14,312023,36.0,-114.25,AZ,ssp2-4.5,2100,-4.802475496418666e-05,-3.920200571218707e-05,-8.822749251999586e-06,0.8162874696897684
lowest,15,286130,40.5,-107.5,CO,ssp2-4.5,2100,-0.004083076002530676,-0.003340228279439666,-0.0007428477230910099,0.8180666432291254
lowest,16,265949,44.0,-112.75,ID,ssp2-4.5,2100,-3.376394138356051e-05,-2.781842363441845e-05,-5.94551774914206e-06,0.8239092503567459
lowest,17,242919,48.0,-110.25,MT,ssp2-4.5,2100,-0.006363445512674311,-0.005300185840395885,-0.001063259672278426,0.8329113260794498
lowest,18,304856,37.25,-106.0,CO,ssp2-4.5,2100,-0.0008925273615614786,-0.0007476843519706717,-0.00014484300959080696,0.8377158888021049
lowest,19,316324,35.25,-119.0,CA,ssp2-4.5,2100,-0.0002803049320671071,-0.0002356805893925145,-4.4624342674592584e-05,0.8408007224649576
lowest,20,257306,45.5,-113.5,MT,ssp2-4.5,2100,-0.001149851811023174,-0.000966864243772859,-0.0001829875672503151,0.8408598695100657
highest,1,287704,40.25,-74.0,NJ,ssp2-4.5,2100,-4.059460738703959e-07,-0.0002636324433506241,0.0002632264972767537,649.4272523369508
highest,2,338025,31.5,-93.75,LA,ssp2-4.5,2100,-5.286143445318843e-05,-0.006088577403459564,0.006035715969006376,115.17995049588217
highest,3,345257,30.25,-85.75,FL,ssp2-4.5,2100,-7.316453564238321e-05,-0.005780049678047413,0.00570688514240503,79.00070201086754
highest,4,332265,32.5,-93.75,LA,ssp2-4.5,2100,-1.545986222194379e-05,-0.001000501122814168,0.000985041260592224,64.71604393692802
highest,5,339472,31.25,-92.0,LA,ssp2-4.5,2100,-0.0002181200130866017,-0.01336641436179015,0.013148294348703548,61.280091508536586
highest,6,325064,33.75,-94.0,AR,ssp2-4.5,2100,-4.210615752647255e-07,-2.027179182321522e-05,1.9850730247950496e-05,48.144482930958844
highest,7,363997,27.0,-80.75,FL,ssp2-4.5,2100,-0.0001156914957870406,-0.002690560774620391,0.0025748692788333505,23.256340116589445
highest,8,371199,25.75,-80.25,FL,ssp2-4.5,2100,-0.0005826848726378523,-0.0109550483769122,0.010372363504274347,18.800982986426238
highest,9,303352,37.5,-122.0,CA,ssp2-4.5,2100,-0.0003691698718754684,-0.005564233921509563,0.005195064049634095,15.072286081315267
highest,10,362550,27.25,-82.5,FL,ssp2-4.5,2100,-0.0009338859327552573,-0.01396390883015111,0.013030022897395853,14.952477963720028
highest,11,372638,25.5,-80.5,FL,ssp2-4.5,2100,-0.001034787333068423,-0.01360083422262865,0.012566046889560228,13.143603316343771
highest,12,368313,26.25,-81.75,FL,ssp2-4.5,2100,-0.001404021015994559,-0.01679704908538491,0.01539302806939035,11.963531096780963
highest,13,358233,28.0,-81.75,FL,ssp2-4.5,2100,-0.0003367466954998067,-0.004010882174411695,0.003674135478911888,11.910680128452803
highest,14,371197,25.75,-80.75,FL,ssp2-4.5,2100,-0.0008729185360339583,-0.009861319718130668,0.00898840118209671,11.296953050092
highest,15,369759,26.0,-80.25,FL,ssp2-4.5,2100,-0.0006355926247236175,-0.006768493277975123,0.006132900653251506,10.649106069974223
highest,16,355350,28.5,-82.5,FL,ssp2-4.5,2100,-0.0003735158945380538,-0.003915936641905176,0.003542420747367122,10.483989300504104
highest,17,366879,26.5,-80.25,FL,ssp2-4.5,2100,-0.0007054093523200018,-0.007232355479730444,0.006526946127410442,10.252707106794297
highest,18,368319,26.25,-80.25,FL,ssp2-4.5,2100,-0.0006797904246455827,-0.006789390519685994,0.006109600095040411,9.987475953674588
highest,19,371196,25.75,-81.0,FL,ssp2-4.5,2100,-0.0009991692353125917,-0.009947951860213052,0.00894878262490046,9.956223138816737
highest,20,374077,25.25,-80.75,FL,ssp2-4.5,2100,-0.001406126644822682,-0.01399358838802614,0.012587461743203458,9.951869157412052
lowest,1,312001,36.0,-119.75,CA,ssp5-8.5,2035,-7.265639531279063e-09,-1.981538053985199e-09,-5.284101477293864e-09,0.27272727272727276
lowest,2,324979,33.75,-115.25,CA,ssp5-8.5,2035,-3.632807393328708e-06,-3.240941793603517e-06,-3.918655997251909e-07,0.8921314682290029
lowest,3,270375,43.25,-86.25,MI,ssp5-8.5,2035,-1.723934170390863e-06,-1.562851025685671e-06,-1.6108314470519186e-07,0.9065607333088189
lowest,4,299101,38.25,-104.75,CO,ssp5-8.5,2035,-1.696305997822417e-06,-1.561260495220936e-06,-1.3504550260148093e-07,0.9203884778012684
lowest,5,251549,46.5,-112.75,MT,ssp5-8.5,2035,-0.001700200959990126,-0.001566921343083558,-0.00013327961690656797,0.9216094920289059
lowest,6,339430,31.25,-102.5,TX,ssp5-8.5,2035,-0.0001061388077044743,-9.965267942209476e-05,-6.486128282379543e-06,0.9388901343188338
lowest,7,320658,34.5,-115.5,CA,ssp5-8.5,2035,-2.431646539975773e-06,-2.284363643246518e-06,-1.472828967292552e-07,0.9394307954269033
lowest,8,337986,31.5,-103.5,TX,ssp5-8.5,2035,-5.070936020654638e-05,-4.76408267612741e-05,-3.068533445272281e-06,0.9394878296083068
lowest,9,304856,37.25,-106.0,CO,ssp5-8.5,2035,-0.0008822580472217811,-0.0008335276987870464,-4.873034843473471e-05,0.9447663315872427
lowest,10,294766,39.0,-108.5,CO,ssp5-8.5,2035,-0.002198235947471025,-0.002080019963219922,-0.000118215984251103,0.9462223405148544
lowest,11,309128,36.5,-118.0,CA,ssp5-8.5,2035,-7.682212792316688e-05,-7.287086580671286e-05,-3.95126211645402e-06,0.9485660938680864
lowest,12,257306,45.5,-113.5,MT,ssp5-8.5,2035,-0.001133958201186023,-0.001077427808145999,-5.653039304002387e-05,0.9501477276844086
lowest,13,312023,36.0,-114.25,AZ,ssp5-8.5,2035,-4.745275453074681e-05,-4.510026070903333e-05,-2.3524938217134748e-06,0.9504245044365299
lowest,14,306274,37.0,-111.5,AZ,ssp5-8.5,2035,-2.455829786317731e-06,-2.338740683306482e-06,-1.170891030112491e-07,0.9523219794533022
lowest,15,339424,31.25,-104.0,TX,ssp5-8.5,2035,-0.0003577415665467343,-0.0003408166293906213,-1.6924937156112996e-05,0.9526894866607513
lowest,16,286130,40.5,-107.5,CO,ssp5-8.5,2035,-0.004040660678069961,-0.003851269979130814,-0.00018939069893914723,0.9531287791704374
lowest,17,312013,36.0,-116.75,CA,ssp5-8.5,2035,-0.0001097216919072858,-0.0001045796721172553,-5.142019790030494e-06,0.9531357956603925
lowest,18,304857,37.25,-105.75,CO,ssp5-8.5,2035,-0.01083617560502912,-0.01034930199462403,-0.00048687361040508984,0.9550696086745651
lowest,19,319219,34.75,-115.25,CA,ssp5-8.5,2035,-0.0002307511596289187,-0.0002206561259022738,-1.0095033726644908e-05,0.9562514279760103
lowest,20,252994,46.25,-111.5,MT,ssp5-8.5,2035,-0.008120910721582273,-0.007774214281881668,-0.0003466964397006054,0.957308182347182
highest,1,338025,31.5,-93.75,LA,ssp5-8.5,2035,-0.0002046645835472171,-0.0006380313819691369,0.00043336679842191986,3.1174489054767993
highest,2,339472,31.25,-92.0,LA,ssp5-8.5,2035,-0.000438848766721678,-0.000902715884149027,0.000463867117427349,2.0570090486810866
highest,3,332265,32.5,-93.75,LA,ssp5-8.5,2035,-1.545986222194379e-05,-2.929668899575914e-05,1.3836826773815349e-05,1.895016176416844
highest,4,355295,28.5,-96.25,TX,ssp5-8.5,2035,-6.674193572440597e-06,-1.142315258505581e-05,4.748959012615213e-06,1.7115404971508235
highest,5,363997,27.0,-80.75,FL,ssp5-8.5,2035,-0.0001156914957870406,-0.000189112824869002,7.34213290819614e-05,1.6346303034849847
highest,6,348110,29.75,-92.5,LA,ssp5-8.5,2035,-0.00519747694495695,-0.00835493171722727,0.0031574547722703203,1.6074976004143628
highest,7,346670,30.0,-92.5,LA,ssp5-8.5,2035,-0.006483722645435251,-0.009857539548816015,0.0033738169033807643,1.5203518237714932
highest,8,303352,37.5,-122.0,CA,ssp5-8.5,2035,-0.0003856261111506485,-0.0005693775944694507,0.0001837514833188022,1.4765016631537637
highest,9,300474,38.0,-121.5,CA,ssp5-8.5,2035,-0.00576471076683685,-0.008420055826683082,0.002655345059846232,1.4606206915222641
highest,10,343792,30.5,-92.0,LA,ssp5-8.5,2035,-0.006375620624580214,-0.008194768641030095,0.001819148016449881,1.2853287740234165
highest,11,349558,29.5,-90.5,LA,ssp5-8.5,2035,-0.002490101625093809,-0.0031410036719696,0.0006509020468757911,1.2613957761066357
highest,12,287704,40.25,-74.0,NJ,ssp5-8.5,2035,-4.10466631485879e-07,-5.153764449477485e-07,1.049098134618695e-07,1.255586704044854
highest,13,346665,30.0,-93.75,LA,ssp5-8.5,2035,-0.002813255469711439,-0.003517831796047085,0.0007045763263356457,1.2504487537379303
highest,14,330731,32.75,-117.25,CA,ssp5-8.5,2035,-0.0002442778027583452,-0.0003024875477870006,5.82097450286554e-05,1.2382932234176025
highest,15,336588,31.75,-93.0,LA,ssp5-8.5,2035,-0.002543556030529435,-0.003148802576926599,0.0006052465463971639,1.237952904961635
highest,16,345231,30.25,-92.25,LA,ssp5-8.5,2035,-0.007660110424006825,-0.009475623842644294,0.0018155134186374688,1.2370087790050182
highest,17,346671,30.0,-92.25,LA,ssp5-8.5,2035,-0.009596351968303562,-0.0116495883874519,0.0020532364191483375,1.2139600992054178
highest,18,346669,30.0,-92.75,LA,ssp5-8.5,2035,-0.01694312808241415,-0.02031878076595446,0.003375652683540311,1.199234324802397
highest,19,350996,29.25,-91.0,LA,ssp5-8.5,2035,-0.002018389236942999,-0.002413777534202898,0.000395388297259899,1.1958929873500237
highest,20,346667,30.0,-93.25,LA,ssp5-8.5,2035,-0.024388945453196,-0.02887254192818034,0.0044835964749843395,1.1838372423108108
lowest,1,312001,36.0,-119.75,CA,ssp5-8.5,2040,-7.265639531279063e-09,-1.362307412114824e-09,-5.903332119164239e-09,0.18749999999999997
lowest,2,324979,33.75,-115.25,CA,ssp5-8.5,2040,-3.632807393328708e-06,-3.043177131650301e-06,-5.896302616784067e-07,0.8376929471237026
lowest,3,270375,43.25,-86.25,MI,ssp5-8.5,2040,-1.723934170390863e-06,-1.500186775111726e-06,-2.237473952791369e-07,0.8702111721421432
lowest,4,251549,46.5,-112.75,MT,ssp5-8.5,2040,-0.001700200959990126,-0.00150461080041612,-0.00019559015957400596,0.8849605639705427
lowest,5,299101,38.25,-104.75,CO,ssp5-8.5,2040,-1.696305997822417e-06,-1.516962114846491e-06,-1.793438829759258e-07,0.8942738614341085
lowest,6,337986,31.5,-103.5,TX,ssp5-8.5,2040,-5.070936020654638e-05,-4.617830406657452e-05,-4.531056139971857e-06,0.9106465527958502
lowest,7,320658,34.5,-115.5,CA,ssp5-8.5,2040,-2.431646539975773e-06,-2.219175681089744e-06,-2.124708588860291e-07,0.9126226384496877
lowest,8,339430,31.25,-102.5,TX,ssp5-8.5,2040,-0.0001061388077044743,-9.718942685296594e-05,-8.949380851508356e-06,0.9156822933565788
lowest,9,294766,39.0,-108.5,CO,ssp5-8.5,2040,-0.002198235947471025,-0.002017538351609381,-0.00018069759586164394,0.9177988167878299
lowest,10,309128,36.5,-118.0,CA,ssp5-8.5,2040,-7.682212792316688e-05,-7.089688549966524e-05,-5.925242423501637e-06,0.922870628766913
lowest,11,306274,37.0,-111.5,AZ,ssp5-8.5,2040,-2.455829786317731e-06,-2.275538502988944e-06,-1.8029128332878688e-07,0.926586409069044
lowest,12,304856,37.25,-106.0,CO,ssp5-8.5,2040,-0.0008822580472217811,-0.0008176876407753208,-6.457040644646027e-05,0.9268123349514447
lowest,13,312013,36.0,-116.75,CA,ssp5-8.5,2040,-0.0001097216919072858,-0.0001017389482891096,-7.982743618176197e-06,0.9272455293077182
lowest,14,312023,36.0,-114.25,AZ,ssp5-8.5,2040,-4.745275453074681e-05,-4.404526479713743e-05,-3.407489733609375e-06,0.9281919507664933
lowest,15,257306,45.5,-113.5,MT,ssp5-8.5,2040,-0.001133958201186023,-0.001053522302439848,-8.043589874617493e-05,0.9290662577667802
lowest,16,286130,40.5,-107.5,CO,ssp5-8.5,2040,-0.004040660678069961,-0.003758352885078041,-0.00028230779299191983,0.9301332590177394
lowest,17,304857,37.25,-105.75,CO,ssp5-8.5,2040,-0.01083617560502912,-0.01009780042958134,-0.0007383751754477808,0.9318601689045075
lowest,18,242919,48.0,-110.25,MT,ssp5-8.5,2040,-0.006288511615459284,-0.005900202679955839,-0.0003883089355034451,0.938251058557505
lowest,19,319219,34.75,-115.25,CA,ssp5-8.5,2040,-0.0002307511596289187,-0.0002165820716898151,-1.416908793910361e-05,0.9385958104744108
lowest,20,252994,46.25,-111.5,MT,ssp5-8.5,2040,-0.008120910721582273,-0.007624941681819239,-0.0004959690397630346,0.9389269188189769
highest,1,338025,31.5,-93.75,LA,ssp5-8.5,2040,-0.0002046645835472171,-0.0009012992632527763,0.0006966346797055592,4.40378715081812
highest,2,339472,31.25,-92.0,LA,ssp5-8.5,2040,-0.000438848766721678,-0.001213867195348152,0.0007750184286264739,2.7660262199574506
highest,3,332265,32.5,-93.75,LA,ssp5-8.5,2040,-1.545986222194379e-05,-3.748910066193718e-05,2.202923843999339e-05,2.4249310972982023
highest,4,355295,28.5,-96.25,TX,ssp5-8.5,2040,-6.674193572440597e-06,-1.456191368093369e-05,7.887720108493093e-06,2.181823694934988
highest,5,363997,27.0,-80.75,FL,ssp5-8.5,2040,-0.0001156914957870406,-0.0002260998222948981,0.00011040832650785751,1.9543339876173085
highest,6,348110,29.75,-92.5,LA,ssp5-8.5,2040,-0.00519747694495695,-0.009977335297721738,0.004779858352764788,1.9196497460950988
highest,7,303352,37.5,-122.0,CA,ssp5-8.5,2040,-0.0003856261111506485,-0.000736303597618431,0.0003506774864677825,1.909371736839643
highest,8,300474,38.0,-121.5,CA,ssp5-8.5,2040,-0.00576471076683685,-0.01088035192236297,0.00511564115552612,1.8874063873170033
highest,9,346670,30.0,-92.5,LA,ssp5-8.5,2040,-0.006483722645435251,-0.01141642511286927,0.004932702467434019,1.7607824605062032
highest,10,287704,40.25,-74.0,NJ,ssp5-8.5,2040,-4.10466631485879e-07,-6.136430935137736e-07,2.0317646202789462e-07,1.494988986784141
highest,11,346665,30.0,-93.75,LA,ssp5-8.5,2040,-0.002813255469711439,-0.004038091654916236,0.0012248361852047972,1.4353803621433752
highest,12,336588,31.75,-93.0,LA,ssp5-8.5,2040,-0.002543556030529435,-0.003649700964311856,0.001106144933782421,1.4348812923740388
highest,13,343792,30.5,-92.0,LA,ssp5-8.5,2040,-0.006375620624580214,-0.008925659459759566,0.002550038835179352,1.3999671538403766
highest,14,349558,29.5,-90.5,LA,ssp5-8.5,2040,-0.002490101625093809,-0.00346562874788484,0.0009755271227910312,1.3917619718650158
highest,15,330731,32.75,-117.25,CA,ssp5-8.5,2040,-0.0002442778027583452,-0.0003274594169611012,8.318161420275603e-05,1.3405205600487755
highest,16,345231,30.25,-92.25,LA,ssp5-8.5,2040,-0.007660110424006825,-0.01020467051934974,0.0025445600953429145,1.3321832133605085
highest,17,346671,30.0,-92.25,LA,ssp5-8.5,2040,-0.009596351968303562,-0.01263267986482031,0.003036327896516748,1.3164043906002656
highest,18,346669,30.0,-92.75,LA,ssp5-8.5,2040,-0.01694312808241415,-0.02187905143069692,0.004935923348282769,1.2913230263192033
highest,19,346667,30.0,-93.25,LA,ssp5-8.5,2040,-0.024388945453196,-0.03130948042425851,0.006920534971062511,1.2837570400222296
highest,20,350996,29.25,-91.0,LA,ssp5-8.5,2040,-0.002018389236942999,-0.002588504317714221,0.0005701150807712221,1.282460424548589
lowest,1,312001,36.0,-119.75,CA,ssp5-8.5,2050,-7.265639531279063e-09,-8.383430228398918e-10,-6.427296508439171e-09,0.11538461538461538
lowest,2,324979,33.75,-115.25,CA,ssp5-8.5,2050,-3.632807393328708e-06,-2.647000760694591e-06,-9.858066326341167e-07,0.7286377927867981
lowest,3,270375,43.25,-86.25,MI,ssp5-8.5,2050,-1.723934170390863e-06,-1.382020802980448e-06,-3.4191336741041495e-07,0.8016668076525835
lowest,4,251549,46.5,-112.75,MT,ssp5-8.5,2050,-0.001700200959990126,-0.001383166004267272,-0.00031703495572285405,0.8135308924159793
lowest,5,299101,38.25,-104.75,CO,ssp5-8.5,2050,-1.696305997822417e-06,-1.436568624832949e-06,-2.5973737298946796e-07,0.8468805903398926
lowest,6,337986,31.5,-103.5,TX,ssp5-8.5,2050,-5.070936020654638e-05,-4.327859997432719e-05,-7.430760232219186e-06,0.8534637352561213
lowest,7,320658,34.5,-115.5,CA,ssp5-8.5,2050,-2.431646539975773e-06,-2.091785682045846e-06,-3.398608579299271e-07,0.8602342682858368
lowest,8,294766,39.0,-108.5,CO,ssp5-8.5,2050,-0.002198235947471025,-0.001891568737187957,-0.0003066672102830679,0.8604939516907295
lowest,9,309128,36.5,-118.0,CA,ssp5-8.5,2050,-7.682212792316688e-05,-6.69495079609473e-05,-9.872619962219585e-06,0.8714872885050305
lowest,10,339430,31.25,-102.5,TX,ssp5-8.5,2050,-0.0001061388077044743,-9.253836536261056e-05,-1.3600442341863745e-05,0.8718617380766901
lowest,11,306274,37.0,-111.5,AZ,ssp5-8.5,2050,-2.455829786317731e-06,-2.147488983040398e-06,-3.0834080327733295e-07,0.8744453687323098
lowest,12,312013,36.0,-116.75,CA,ssp5-8.5,2050,-0.0001097216919072858,-9.596223276004828e-05,-1.3759459147237512e-05,0.8745967282489211
lowest,13,312023,36.0,-114.25,AZ,ssp5-8.5,2050,-4.745275453074681e-05,-4.193391918306786e-05,-5.518835347678945e-06,0.8836983142021179
lowest,14,286130,40.5,-107.5,CO,ssp5-8.5,2050,-0.004040660678069961,-0.003574491377454112,-0.00046616930061584884,0.8846304261216716
lowest,15,304857,37.25,-105.75,CO,ssp5-8.5,2050,-0.01083617560502912,-0.009591787160209971,-0.0012443884448191493,0.8851635032343309
lowest,16,265949,44.0,-112.75,ID,ssp5-8.5,2050,-3.351487433012083e-05,-2.968808875062506e-05,-3.826785579495766e-06,0.8858182924452586
lowest,17,257306,45.5,-113.5,MT,ssp5-8.5,2050,-0.001133958201186023,-0.001007270370109917,-0.00012668783107610583,0.8882782178888065
lowest,18,242919,48.0,-110.25,MT,ssp5-8.5,2050,-0.006288511615459284,-0.005623122611221492,-0.0006653890042377921,0.8941897471252114
lowest,19,304856,37.25,-106.0,CO,ssp5-8.5,2050,-0.0008822580472217811,-0.0007890187510411465,-9.323929618063455e-05,0.8943174318735387
lowest,20,316324,35.25,-119.0,CA,ssp5-8.5,2050,-0.0002771693984388135,-0.0002493562190010399,-2.7813179437773572e-05,0.8996527769860804
highest,1,338025,31.5,-93.75,LA,ssp5-8.5,2050,-0.0002046645835472171,-0.001431328141658869,0.001226663558111652,6.993531156447763
highest,2,325064,33.75,-94.0,AR,ssp5-8.5,2050,-4.210615752647255e-07,-2.023629214917645e-06,1.6025676396529194e-06,4.806017299596548
highest,3,339472,31.25,-92.0,LA,ssp5-8.5,2050,-0.000438848766721678,-0.001820184121969451,0.0013813353552477728,4.147634128191202
highest,4,332265,32.5,-93.75,LA,ssp5-8.5,2050,-1.545986222194379e-05,-5.000193241547042e-05,3.454207019352663e-05,3.234306470370575
highest,5,355295,28.5,-96.25,TX,ssp5-8.5,2050,-6.674193572440597e-06,-2.113437758470385e-05,1.4460184012263254e-05,3.1665814536714882
highest,6,303352,37.5,-122.0,CA,ssp5-8.5,2050,-0.0003856261111506485,-0.001096664722966871,0.0007110386118162226,2.8438549446109693
highest,7,300474,38.0,-121.5,CA,ssp5-8.5,2050,-0.00576471076683685,-0.01567907420701921,0.009914363440182358,2.7198370987175235
highest,8,363997,27.0,-80.75,FL,ssp5-8.5,2050,-0.0001156914957870406,-0.0003050502735089739,0.00018935877772193328,2.6367562406704113
highest,9,348110,29.75,-92.5,LA,ssp5-8.5,2050,-0.00519747694495695,-0.01230496012521141,0.007107483180254459,2.367487197254577
highest,10,346670,30.0,-92.5,LA,ssp5-8.5,2050,-0.006483722645435251,-0.01353486497220264,0.007051142326767389,2.0875144901103413
highest,11,287704,40.25,-74.0,NJ,ssp5-8.5,2050,-4.10466631485879e-07,-8.26357932110338e-07,4.15891300624459e-07,2.0132158590308373
highest,12,336588,31.75,-93.0,LA,ssp5-8.5,2050,-0.002543556030529435,-0.004520471937354362,0.0019769159068249273,1.7772252244875602
highest,13,346665,30.0,-93.75,LA,ssp5-8.5,2050,-0.002813255469711439,-0.004867952173140721,0.0020546967034292822,1.7303626441149464
highest,14,328000,33.25,-80.0,SC,ssp5-8.5,2050,-0.0002227669660364338,-0.0003696000102581692,0.0001468330442217354,1.6591329353460813
highest,15,349558,29.5,-90.5,LA,ssp5-8.5,2050,-0.002490101625093809,-0.004062607760890007,0.0015725061357961976,1.6315027948857135
highest,16,358233,28.0,-81.75,FL,ssp5-8.5,2050,-0.0003367466954998067,-0.0005467365486377305,0.00020998985313792386,1.6235840052602517
highest,17,343792,30.5,-92.0,LA,ssp5-8.5,2050,-0.006375620624580214,-0.01008735533991678,0.0037117347153365655,1.582176219994419
highest,18,299033,38.25,-121.75,CA,ssp5-8.5,2050,-0.00269861675632435,-0.004195967842743247,0.0014973510864188968,1.554858737503121
highest,19,330731,32.75,-117.25,CA,ssp5-8.5,2050,-0.0002442778027583452,-0.0003759433032660511,0.0001316655005077059,1.5389990372475948
highest,20,359674,27.75,-81.5,FL,ssp5-8.5,2050,-0.0008784207748316266,-0.001327021699836756,0.0004486009250051295,1.5106902498874941
lowest,1,312001,36.0,-119.75,CA,ssp5-8.5,2100,-7.265639531279063e-09,-2.868015604452261e-10,-6.978837970833836e-09,0.03947368421052631
lowest,2,324979,33.75,-115.25,CA,ssp5-8.5,2100,-3.632807393328708e-06,-1.439437801884905e-06,-2.193369591443803e-06,0.39623289815152063
lowest,3,251549,46.5,-112.75,MT,ssp5-8.5,2100,-0.001700200959990126,-0.0008717434706994749,-0.0008284574892906512,0.5127296662063627
lowest,4,270375,43.25,-86.25,MI,ssp5-8.5,2100,-1.723934170390863e-06,-9.4219878226237e-07,-7.817353881284929e-07,0.5465398844369723
lowest,5,299101,38.25,-104.75,CO,ssp5-8.5,2100,-1.696305997822417e-06,-1.017811714740435e-06,-6.784942830819818e-07,0.6000165748674007
lowest,6,337986,31.5,-103.5,TX,ssp5-8.5,2100,-5.070936020654638e-05,-3.055987053877392e-05,-2.0149489667772462e-05,0.6026475272868609
lowest,7,294766,39.0,-108.5,CO,ssp5-8.5,2100,-0.002198235947471025,-0.001387389610560455,-0.00081084633691057,0.6311377139276548
lowest,8,339430,31.25,-102.5,TX,ssp5-8.5,2100,-0.0001061388077044743,-6.738780229300837e-05,-3.8751005411465935e-05,0.6349025747551111
lowest,9,320658,34.5,-115.5,CA,ssp5-8.5,2100,-2.431646539975773e-06,-1.555036753376476e-06,-8.766097865992971e-07,0.6394995028315131
lowest,10,265949,44.0,-112.75,ID,ssp5-8.5,2100,-3.351487433012083e-05,-2.152138103206741e-05,-1.1993493298053419e-05,0.6421441662016167
lowest,11,306274,37.0,-111.5,AZ,ssp5-8.5,2100,-2.455829786317731e-06,-1.590796220947181e-06,-8.650335653705501e-07,0.6477632243936658
lowest,12,286130,40.5,-107.5,CO,ssp5-8.5,2100,-0.004040660678069961,-0.002628270371847886,-0.001412390306222075,0.6504556015090311
lowest,13,304857,37.25,-105.75,CO,ssp5-8.5,2100,-0.01083617560502912,-0.007152552503269626,-0.0036836231017594945,0.6600624393674548
lowest,14,257306,45.5,-113.5,MT,ssp5-8.5,2100,-0.001133958201186023,-0.0007692695989226825,-0.0003646886022633404,0.6783932583388811
lowest,15,312023,36.0,-114.25,AZ,ssp5-8.5,2100,-4.745275453074681e-05,-3.243770833492617e-05,-1.5015046195820638e-05,0.6835790388924271
lowest,16,309128,36.5,-118.0,CA,ssp5-8.5,2100,-7.682212792316688e-05,-5.300459979611143e-05,-2.3817528127055454e-05,0.6899652642936891
lowest,17,312013,36.0,-116.75,CA,ssp5-8.5,2100,-0.0001097216919072858,-7.61830193849479e-05,-3.35386725223379e-05,0.6943296084909273
lowest,18,261624,44.75,-114.0,ID,ssp5-8.5,2100,-0.006329148506311382,-0.004418606156462338,-0.0019105423498490441,0.6981359581081302
lowest,19,304856,37.25,-106.0,CO,ssp5-8.5,2100,-0.0008822580472217811,-0.0006217662630027472,-0.00026049178421903385,0.7047442241651193
lowest,20,300536,38.0,-106.0,CO,ssp5-8.5,2100,-1.27247342266932e-05,-9.008797988934533e-06,-3.7159362377586666e-06,0.7079753359434735
highest,1,287704,40.25,-74.0,NJ,ssp5-8.5,2100,-4.10466631485879e-07,-0.0006389919234037231,0.0006385814567722372,1556.7451149210062
highest,2,348097,29.75,-95.75,TX,ssp5-8.5,2100,-9.509450573163349e-06,-0.00309852946891883,0.0030890200183456666,325.8368551452594
highest,3,355295,28.5,-96.25,TX,ssp5-8.5,2100,-6.674193572440597e-06,-0.00134718747985412,0.0013405132862816796,201.85022583357363
highest,4,325064,33.75,-94.0,AR,ssp5-8.5,2100,-4.210615752647255e-07,-3.314172411809106e-05,3.272066254282633e-05,78.70992288302378
highest,5,346657,30.0,-95.75,TX,ssp5-8.5,2100,-2.083219245499992e-05,-0.001116549373074624,0.001095717180619624,53.59730501177478
highest,6,345214,30.25,-96.5,TX,ssp5-8.5,2100,-8.933739702080733e-06,-0.0003570738353940676,0.0003481400956919868,39.96913356574542
highest,7,303351,37.5,-122.25,CA,ssp5-8.5,2100,-2.564068602297984e-07,-1.019039891947006e-05,9.933992059240263e-06,39.74308218718159
highest,8,359610,27.75,-97.5,TX,ssp5-8.5,2100,-3.988338042553502e-05,-0.001481355107893169,0.001441471727467634,37.14216528508559
highest,9,338025,31.5,-93.75,LA,ssp5-8.5,2100,-0.0002046645835472171,-0.007182638308810995,0.006977973725263778,35.094681181875934
highest,10,349536,29.5,-96.0,TX,ssp5-8.5,2100,-5.793435904147939e-05,-0.001870627400808552,0.0018126930417670726,32.288739044635584
highest,11,348098,29.75,-95.5,TX,ssp5-8.5,2100,-0.0001244321088047123,-0.003185985533111727,0.0030615534243070147,25.604207496892254
highest,12,332318,32.5,-80.5,SC,ssp5-8.5,2100,-7.21318301663466e-05,-0.001714047335051243,0.0016419155048848963,23.762704080825316
highest,13,328000,33.25,-80.0,SC,ssp5-8.5,2100,-0.0002227669660364338,-0.004377054375603799,0.004154287409567365,19.64857920131626
highest,14,303352,37.5,-122.0,CA,ssp5-8.5,2100,-0.0003856261111506485,-0.006961049361976021,0.006575423250825372,18.051291550785628
highest,15,349537,29.5,-95.75,TX,ssp5-8.5,2100,-0.0002006098926035015,-0.003289629910949168,0.0030890200183456666,16.398144020998046
highest,16,332265,32.5,-93.75,LA,ssp5-8.5,2100,-1.545986222194379e-05,-0.0002443605094346605,0.00022890064721271672,15.806124655355221
highest,17,339472,31.25,-92.0,LA,ssp5-8.5,2100,-0.000438848766721678,-0.006263063135076219,0.005824214368354541,14.271575107440855
highest,18,358169,28.0,-97.75,TX,ssp5-8.5,2100,-1.193151250942396e-05,-0.0001537706483804034,0.00014183913587097942,12.887774978985231
highest,19,352472,29.0,-82.0,FL,ssp5-8.5,2100,-0.0001328010155645613,-0.001495820321227012,0.0013630193056624507,11.263621101600823
highest,20,363997,27.0,-80.75,FL,ssp5-8.5,2100,-0.0001156914957870406,-0.001065545581608552,0.0009498540858215115,9.210232561691118
