method,factor_raw,factor_adjusted
raw,0.0394736842,0.0394736842
raw,0.1,0.1
raw,0.2,0.2
raw,0.5,0.5
raw,1,1
raw,1.2,1.2
raw,1.5,1.5
raw,2,2
raw,3,3
raw,5,5
raw,10,10
raw,25,25
raw,100,100
raw,1556.745114921,1556.745114921
hard_cap_5,0.0394736842,0.2
hard_cap_5,0.1,0.2
hard_cap_5,0.2,0.2
hard_cap_5,0.5,0.5
hard_cap_5,1,1
hard_cap_5,1.2,1.2
hard_cap_5,1.5,1.5
hard_cap_5,2,2
hard_cap_5,3,3
hard_cap_5,5,5.0
hard_cap_5,10,5.0
hard_cap_5,25,5.0
hard_cap_5,100,5.0
hard_cap_5,1556.745114921,5.0
power_0_5,0.0394736842,0.19867985353326592
power_0_5,0.1,0.316227766016838
power_0_5,0.2,0.447213595499958
power_0_5,0.5,0.7071067811865476
power_0_5,1,1.0
power_0_5,1.2,1.0954451150103321
power_0_5,1.5,1.224744871391589
power_0_5,2,1.414213562373095
power_0_5,3,1.7320508075688774
power_0_5,5,2.23606797749979
power_0_5,10,3.1622776601683795
power_0_5,25,4.999999999999999
power_0_5,100,10.000000000000002
power_0_5,1556.745114921,39.45560942275509
symmetric_log,0.0394736842,0.23628813725794143
symmetric_log,0.1,0.30279310656411385
symmetric_log,0.2,0.383224293337255
symmetric_log,0.5,0.5906161091496412
symmetric_log,1,1.0
symmetric_log,1.2,1.1823215567939547
symmetric_log,1.5,1.4054651081081644
symmetric_log,2,1.6931471805599454
symmetric_log,3,2.09861228866811
symmetric_log,5,2.6094379124341005
symmetric_log,10,3.302585092994046
symmetric_log,25,4.218875824868201
symmetric_log,100,5.605170185988092
symmetric_log,1556.745114921,8.350352455749244
soft_log_t1_5_c5,0.0394736842,0.20440776891191426
soft_log_t1_5_c5,0.1,0.22077123488247952
soft_log_t1_5_c5,0.2,0.2664939440065537
soft_log_t1_5_c5,0.5,0.502683567711761
soft_log_t1_5_c5,1,1
soft_log_t1_5_c5,1.2,1.2
soft_log_t1_5_c5,1.5,1.5
soft_log_t1_5_c5,2,1.9893230338760552
soft_log_t1_5_c5,3,2.8038218571183005
soft_log_t1_5_c5,5,3.7524304866582923
soft_log_t1_5_c5,10,4.529575605863318
soft_log_t1_5_c5,25,4.889831966998864
soft_log_t1_5_c5,100,4.988782228877133
soft_log_t1_5_c5,1556.745114921,4.999882424276713
soft_log_t2_c3,0.0394736842,0.33333431703041916
soft_log_t2_c3,0.1,0.33342972197506965
soft_log_t2_c3,0.2,0.33625866059870746
soft_log_t2_c3,0.5,0.5
soft_log_t2_c3,1,1
soft_log_t2_c3,1.2,1.2
soft_log_t2_c3,1.5,1.5
soft_log_t2_c3,2,2
soft_log_t2_c3,3,2.723579580464096
soft_log_t2_c3,5,2.9739010980996095
soft_log_t2_c3,10,2.9991327530026535
soft_log_t2_c3,25,2.9999905490287833
soft_log_t2_c3,100,2.9999999898666387
soft_log_t2_c3,1556.745114921,2.999999999999987
soft_log_t2_c5,0.0394736842,0.20143599579392377
soft_log_t2_c5,0.1,0.21089570145274483
soft_log_t2_c5,0.2,0.2488291289711843
soft_log_t2_c5,0.5,0.5
soft_log_t2_c5,1,1
soft_log_t2_c5,1.2,1.2
soft_log_t2_c5,1.5,1.5
soft_log_t2_c5,2,2
soft_log_t2_c5,3,2.927263144816839
soft_log_t2_c5,5,4.0188220894178555
soft_log_t2_c5,10,4.741680333508689
soft_log_t2_c5,25,4.963318531243881
soft_log_t2_c5,100,4.998207306891797
soft_log_t2_c5,1556.745114921,4.999995518748284
soft_log_t2_c10,0.0394736842,0.11406765921653102
soft_log_t2_c10,0.1,0.1467704189285025
soft_log_t2_c10,0.2,0.21832161943252681
soft_log_t2_c10,0.5,0.5
soft_log_t2_c10,1,1
soft_log_t2_c10,1.2,1.2
soft_log_t2_c10,1.5,1.5
soft_log_t2_c10,2,2
soft_log_t2_c10,3,2.9750073719193084
soft_log_t2_c10,5,4.580398416791032
soft_log_t2_c10,10,6.813362033715651
soft_log_t2_c10,25,8.748391886485521
soft_log_t2_c10,100,9.755803478501722
soft_log_t2_c10,1556.745114921,9.99178470324582
soft_log_t3_c5,0.0394736842,0.2000481441310678
soft_log_t3_c5,0.1,0.20182489287421365
soft_log_t3_c5,0.2,0.22590197823019484
soft_log_t3_c5,0.5,0.5
soft_log_t3_c5,1,1
soft_log_t3_c5,1.2,1.2
soft_log_t3_c5,1.5,1.5
soft_log_t3_c5,2,2
soft_log_t3_c5,3,3
soft_log_t3_c5,5,4.4266987293975655
soft_log_t3_c5,10,4.954790193414075
soft_log_t3_c5,25,4.998732662467964
soft_log_t3_c5,100,4.999994430055944
soft_log_t3_c5,1556.745114921,4.999999999880313
soft_log_t3_c10,0.0394736842,0.10699605460138148
soft_log_t3_c10,0.1,0.1332469720032768
soft_log_t3_c10,0.2,0.2058015616448848
soft_log_t3_c10,0.5,0.5
soft_log_t3_c10,1,1
soft_log_t3_c10,1.2,1.2
soft_log_t3_c10,1.5,1.5
soft_log_t3_c10,2,2
soft_log_t3_c10,3,3
soft_log_t3_c10,5,4.859049620456828
soft_log_t3_c10,10,7.504860973316588
soft_log_t3_c10,25,9.33249258731474
soft_log_t3_c10,100,9.92935660572244
soft_log_t3_c10,1556.745114921,9.999256315789125
soft_log_t5_c10,0.0394736842,0.10128002508897674
soft_log_t5_c10,0.1,0.11796884033259566
soft_log_t5_c10,0.2,0.2
soft_log_t5_c10,0.5,0.5
soft_log_t5_c10,1,1
soft_log_t5_c10,1.2,1.2
soft_log_t5_c10,1.5,1.5
soft_log_t5_c10,2,2
soft_log_t5_c10,3,3
soft_log_t5_c10,5,5
soft_log_t5_c10,10,8.476814701074014
soft_log_t5_c10,25,9.86877068759658
soft_log_t5_c10,100,9.997557993252393
soft_log_t5_c10,1556.745114921,9.999999113122207
soft_log_arctan_t3_c5,0.0394736842,0.21008408507275317
soft_log_arctan_t3_c5,0.1,0.21791593860092026
soft_log_arctan_t3_c5,0.2,0.24048986501578604
soft_log_arctan_t3_c5,0.5,0.5
soft_log_arctan_t3_c5,1,1
soft_log_arctan_t3_c5,1.2,1.2
soft_log_arctan_t3_c5,1.5,1.5
soft_log_arctan_t3_c5,2,2
soft_log_arctan_t3_c5,3,3
soft_log_arctan_t3_c5,5,4.158179389116289
soft_log_arctan_t3_c5,10,4.588925465572975
soft_log_arctan_t3_c5,25,4.7585587582740185
soft_log_arctan_t3_c5,100,4.851871003667803
soft_log_arctan_t3_c5,1556.745114921,4.9162049084243185
